,is_promoted
11,1
39,1
60,1
66,1
67,1
69,1
71,1
75,1
79,1
84,1
85,1
88,1
100,1
105,1
113,1
116,1
118,1
121,1
122,1
133,1
151,1
152,1
154,1
188,1
200,1
230,1
244,1
296,1
317,1
321,1
323,1
324,1
335,1
344,1
350,1
351,1
359,1
391,1
432,1
433,1
443,1
449,1
455,1
476,1
494,1
499,1
501,1
502,1
507,1
529,1
530,1
536,1
542,1
560,1
564,1
566,1
573,1
574,1
605,1
613,1
618,1
622,1
628,1
639,1
648,1
655,1
680,1
694,1
705,1
715,1
725,1
735,1
763,1
780,1
791,1
805,1
810,1
822,1
826,1
833,1
834,1
838,1
842,1
855,1
867,1
879,1
894,1
912,1
940,1
956,1
963,1
974,1
985,1
992,1
994,1
1016,1
1055,1
1074,1
1085,1
1112,1
1118,1
1128,1
1163,1
1164,1
1179,1
1185,1
1194,1
1209,1
1217,1
1236,1
1251,1
1255,1
1261,1
1268,1
1271,1
1298,1
1301,1
1305,1
1326,1
1354,1
1365,1
1384,1
1387,1
1424,1
1427,1
1428,1
1455,1
1466,1
1468,1
1470,1
1471,1
1503,1
1518,1
1522,1
1528,1
1569,1
1575,1
1584,1
1585,1
1613,1
1625,1
1626,1
1636,1
1660,1
1662,1
1663,1
1666,1
1699,1
1706,1
1718,1
1725,1
1727,1
1737,1
1745,1
1754,1
1767,1
1774,1
1793,1
1794,1
1831,1
1854,1
1880,1
1891,1
1911,1
1916,1
1921,1
1937,1
1941,1
1950,1
1964,1
1983,1
1985,1
1994,1
2009,1
2056,1
2071,1
2088,1
2093,1
2104,1
2107,1
2113,1
2126,1
2128,1
2132,1
2134,1
2139,1
2146,1
2149,1
2179,1
2189,1
2200,1
2210,1
2220,1
2258,1
2281,1
2289,1
2296,1
2309,1
2319,1
2320,1
2332,1
2336,1
2341,1
2351,1
2354,1
2370,1
2378,1
2389,1
2392,1
2395,1
2400,1
2404,1
2424,1
2428,1
2454,1
2455,1
2457,1
2470,1
2477,1
2489,1
2490,1
2507,1
2509,1
2510,1
2519,1
2530,1
2538,1
2574,1
2581,1
2588,1
2589,1
2590,1
2598,1
2601,1
2603,1
2605,1
2616,1
2637,1
2638,1
2662,1
2666,1
2693,1
2707,1
2717,1
2719,1
2724,1
2742,1
2772,1
2783,1
2799,1
2809,1
2818,1
2827,1
2848,1
2851,1
2857,1
2873,1
2875,1
2885,1
2901,1
2937,1
2950,1
2956,1
2960,1
2967,1
2993,1
2994,1
3022,1
3049,1
3063,1
3065,1
3068,1
3106,1
3139,1
3141,1
3149,1
3150,1
3157,1
3160,1
3164,1
3172,1
3184,1
3186,1
3192,1
3209,1
3228,1
3261,1
3266,1
3267,1
3300,1
3301,1
3306,1
3332,1
3340,1
3351,1
3374,1
3381,1
3394,1
3402,1
3408,1
3420,1
3443,1
3446,1
3451,1
3453,1
3464,1
3467,1
3494,1
3498,1
3501,1
3515,1
3523,1
3527,1
3535,1
3537,1
3543,1
3549,1
3554,1
3559,1
3562,1
3576,1
3582,1
3600,1
3627,1
3635,1
3642,1
3644,1
3656,1
3661,1
3662,1
3709,1
3710,1
3712,1
3714,1
3715,1
3716,1
3731,1
3740,1
3744,1
3757,1
3763,1
3787,1
3788,1
3805,1
3813,1
3815,1
3828,1
3836,1
3845,1
3850,1
3851,1
3857,1
3862,1
3864,1
3866,1
3891,1
3898,1
3908,1
3914,1
3936,1
3941,1
3968,1
3969,1
3973,1
3984,1
3999,1
4000,1
4011,1
4026,1
4046,1
4047,1
4048,1
4060,1
4074,1
4075,1
4090,1
4122,1
4127,1
4129,1
4131,1
4153,1
4155,1
4176,1
4206,1
4207,1
4258,1
4264,1
4271,1
4275,1
4284,1
4290,1
4297,1
4299,1
4301,1
4321,1
4324,1
4328,1
4348,1
4378,1
4383,1
4396,1
4406,1
4410,1
4428,1
4441,1
4442,1
4446,1
4447,1
4470,1
4487,1
4493,1
4495,1
4501,1
4583,1
4590,1
4634,1
4636,1
4643,1
4651,1
4655,1
4656,1
4669,1
4673,1
4690,1
4698,1
4704,1
4708,1
4712,1
4718,1
4726,1
4737,1
4739,1
4754,1
4772,1
4778,1
4789,1
4798,1
4819,1
4827,1
4831,1
4836,1
4843,1
4844,1
4849,1
4851,1
4865,1
4888,1
4892,1
4928,1
4934,1
4939,1
4940,1
4947,1
4977,1
4990,1
4996,1
5012,1
5017,1
5025,1
5026,1
5034,1
5038,1
5055,1
5065,1
5066,1
5079,1
5101,1
5111,1
5139,1
5150,1
5178,1
5186,1
5209,1
5219,1
5223,1
5230,1
5243,1
5271,1
5272,1
5284,1
5300,1
5310,1
5316,1
5341,1
5356,1
5368,1
5395,1
5409,1
5424,1
5435,1
5439,1
5443,1
5447,1
5449,1
5451,1
5454,1
5470,1
5471,1
5474,1
5495,1
5509,1
5523,1
5524,1
5553,1
5559,1
5561,1
5572,1
5582,1
5588,1
5589,1
5595,1
5599,1
5608,1
5627,1
5633,1
5636,1
5660,1
5676,1
5685,1
5686,1
5693,1
5707,1
5717,1
5733,1
5736,1
5737,1
5739,1
5743,1
5756,1
5758,1
5779,1
5782,1
5791,1
5796,1
5797,1
5802,1
5813,1
5814,1
5816,1
5829,1
5842,1
5851,1
5869,1
5893,1
5894,1
5898,1
5906,1
5928,1
5933,1
5995,1
5997,1
6005,1
6010,1
6013,1
6017,1
6022,1
6026,1
6059,1
6067,1
6116,1
6118,1
6159,1
6161,1
6164,1
6170,1
6190,1
6197,1
6198,1
6210,1
6241,1
6248,1
6265,1
6271,1
6292,1
6322,1
6353,1
6356,1
6367,1
6386,1
6402,1
6417,1
6446,1
6469,1
6475,1
6482,1
6496,1
6502,1
6569,1
6594,1
6613,1
6633,1
6658,1
6662,1
6664,1
6675,1
6699,1
6705,1
6733,1
6737,1
6742,1
6751,1
6761,1
6773,1
6776,1
6781,1
6798,1
6807,1
6809,1
6817,1
6845,1
6867,1
6875,1
6887,1
6890,1
6906,1
6915,1
6919,1
6933,1
6950,1
6955,1
6956,1
6964,1
6979,1
6986,1
7004,1
7013,1
7016,1
7051,1
7076,1
7137,1
7166,1
7173,1
7176,1
7214,1
7252,1
7255,1
7268,1
7290,1
7292,1
7297,1
7305,1
7312,1
7314,1
7319,1
7322,1
7323,1
7349,1
7381,1
7384,1
7389,1
7401,1
7403,1
7454,1
7461,1
7464,1
7470,1
7473,1
7482,1
7495,1
7505,1
7513,1
7514,1
7520,1
7549,1
7554,1
7562,1
7566,1
7570,1
7579,1
7581,1
7587,1
7600,1
7607,1
7609,1
7616,1
7622,1
7627,1
7630,1
7635,1
7637,1
7658,1
7669,1
7694,1
7697,1
7713,1
7720,1
7721,1
7725,1
7735,1
7745,1
7746,1
7751,1
7755,1
7767,1
7811,1
7818,1
7824,1
7844,1
7846,1
7847,1
7871,1
7877,1
7890,1
7906,1
7912,1
7913,1
7920,1
7931,1
7935,1
7972,1
7974,1
7979,1
7989,1
7994,1
7998,1
8020,1
8022,1
8046,1
8050,1
8069,1
8074,1
8076,1
8083,1
8086,1
8097,1
8099,1
8100,1
8113,1
8119,1
8155,1
8163,1
8170,1
8171,1
8197,1
8225,1
8246,1
8249,1
8252,1
8271,1
8315,1
8336,1
8343,1
8345,1
8364,1
8366,1
8369,1
8375,1
8376,1
8379,1
8418,1
8424,1
8437,1
8447,1
8450,1
8470,1
8481,1
8488,1
8492,1
8498,1
8510,1
8545,1
8559,1
8563,1
8565,1
8577,1
8579,1
8581,1
8584,1
8588,1
8610,1
8634,1
8653,1
8655,1
8681,1
8697,1
8713,1
8717,1
8727,1
8729,1
8743,1
8760,1
8762,1
8767,1
8792,1
8800,1
8813,1
8825,1
8846,1
8850,1
8855,1
8879,1
8881,1
8887,1
8900,1
8921,1
8931,1
8951,1
8956,1
8963,1
8973,1
8982,1
8985,1
8988,1
9013,1
9014,1
9022,1
9027,1
9038,1
9047,1
9050,1
9063,1
9090,1
9117,1
9122,1
9138,1
9142,1
9183,1
9188,1
9206,1
9207,1
9215,1
9228,1
9230,1
9234,1
9265,1
9278,1
9280,1
9291,1
9302,1
9323,1
9364,1
9365,1
9372,1
9376,1
9378,1
9385,1
9406,1
9413,1
9422,1
9424,1
9438,1
9440,1
9443,1
9448,1
9469,1
9482,1
9488,1
9505,1
9508,1
9518,1
9522,1
9529,1
9537,1
9545,1
9551,1
9553,1
9560,1
9587,1
9590,1
9597,1
9598,1
9626,1
9629,1
9656,1
9663,1
9678,1
9685,1
9686,1
9692,1
9706,1
9710,1
9724,1
9725,1
9746,1
9759,1
9767,1
9776,1
9778,1
9782,1
9793,1
9794,1
9821,1
9832,1
9836,1
9844,1
9859,1
9863,1
9869,1
9888,1
9901,1
9909,1
9925,1
9936,1
9940,1
9949,1
9959,1
9967,1
9976,1
9978,1
9988,1
9992,1
9998,1
10011,1
10037,1
10053,1
10087,1
10105,1
10111,1
10116,1
10121,1
10133,1
10135,1
10138,1
10166,1
10188,1
10204,1
10208,1
10220,1
10270,1
10295,1
10296,1
10300,1
10307,1
10325,1
10350,1
10363,1
10381,1
10383,1
10384,1
10387,1
10416,1
10420,1
10437,1
10439,1
10461,1
10474,1
10478,1
10503,1
10507,1
10523,1
10527,1
10537,1
10539,1
10545,1
10553,1
10577,1
10600,1
10607,1
10627,1
10647,1
10656,1
10667,1
10670,1
10674,1
10679,1
10686,1
10692,1
10696,1
10706,1
10719,1
10725,1
10726,1
10733,1
10737,1
10756,1
10759,1
10786,1
10803,1
10819,1
10826,1
10830,1
10831,1
10851,1
10860,1
10869,1
10886,1
10898,1
10901,1
10904,1
10947,1
10957,1
10962,1
10970,1
10974,1
10979,1
10990,1
11003,1
11006,1
11010,1
11016,1
11022,1
11042,1
11072,1
11074,1
11097,1
11110,1
11126,1
11138,1
11142,1
11152,1
11156,1
11170,1
11175,1
11188,1
11200,1
11205,1
11217,1
11227,1
11239,1
11244,1
11247,1
11277,1
11282,1
11283,1
11285,1
11309,1
11319,1
11330,1
11340,1
11346,1
11390,1
11393,1
11401,1
11407,1
11422,1
11426,1
11469,1
11484,1
11488,1
11490,1
11491,1
11504,1
11508,1
11510,1
11517,1
11525,1
11536,1
11540,1
11568,1
11590,1
11631,1
11638,1
11651,1
11673,1
11678,1
11697,1
11698,1
11704,1
11720,1
11756,1
11771,1
11790,1
11799,1
11803,1
11805,1
11819,1
11820,1
11823,1
11826,1
11838,1
11840,1
11844,1
11856,1
11884,1
11888,1
11890,1
11896,1
11903,1
11904,1
11909,1
11915,1
11919,1
11924,1
11930,1
11937,1
11971,1
11972,1
11996,1
11999,1
12001,1
12002,1
12022,1
12038,1
12045,1
12066,1
12089,1
12092,1
12102,1
12112,1
12114,1
12169,1
12177,1
12179,1
12193,1
12241,1
12251,1
12255,1
12276,1
12281,1
12282,1
12337,1
12383,1
12440,1
12459,1
12462,1
12467,1
12478,1
12479,1
12500,1
12511,1
12513,1
12525,1
12528,1
12544,1
12558,1
12562,1
12574,1
12581,1
12625,1
12628,1
12633,1
12635,1
12636,1
12642,1
12664,1
12680,1
12692,1
12701,1
12713,1
12724,1
12732,1
12744,1
12751,1
12768,1
12773,1
12792,1
12793,1
12803,1
12820,1
12843,1
12858,1
12879,1
12894,1
12899,1
12905,1
12911,1
12940,1
12965,1
12969,1
13004,1
13026,1
13029,1
13051,1
13067,1
13071,1
13078,1
13082,1
13086,1
13100,1
13121,1
13132,1
13160,1
13165,1
13169,1
13173,1
13187,1
13208,1
13215,1
13259,1
13261,1
13277,1
13280,1
13287,1
13295,1
13352,1
13359,1
13385,1
13387,1
13392,1
13397,1
13422,1
13437,1
13441,1
13446,1
13447,1
13457,1
13463,1
13468,1
13481,1
13492,1
13506,1
13530,1
13549,1
13552,1
13561,1
13611,1
13625,1
13643,1
13650,1
13655,1
13656,1
13725,1
13748,1
13786,1
13799,1
13843,1
13844,1
13846,1
13852,1
13889,1
13911,1
13931,1
13941,1
13965,1
14000,1
14022,1
14023,1
14031,1
14114,1
14142,1
14146,1
14172,1
14175,1
14197,1
14208,1
14215,1
14220,1
14233,1
14248,1
14294,1
14299,1
14306,1
14327,1
14331,1
14342,1
14351,1
14371,1
14384,1
14392,1
14394,1
14399,1
14400,1
14409,1
14450,1
14467,1
14479,1
14480,1
14483,1
14487,1
14498,1
14500,1
14527,1
14528,1
14530,1
14533,1
14550,1
14560,1
14565,1
14576,1
14595,1
14671,1
14678,1
14687,1
14692,1
14695,1
14730,1
14735,1
14783,1
14819,1
14838,1
14840,1
14857,1
14863,1
14909,1
14926,1
14929,1
14940,1
14955,1
14983,1
14988,1
14999,1
15009,1
15011,1
15012,1
15016,1
15024,1
15035,1
15052,1
15058,1
15064,1
15069,1
15074,1
15093,1
15105,1
15118,1
15120,1
15154,1
15161,1
15164,1
15174,1
15178,1
15182,1
15193,1
15210,1
15218,1
15237,1
15238,1
15254,1
15259,1
15271,1
15281,1
15290,1
15303,1
15334,1
15365,1
15368,1
15376,1
15384,1
15404,1
15407,1
15431,1
15433,1
15441,1
15487,1
15490,1
15493,1
15494,1
15520,1
15526,1
15528,1
15531,1
15537,1
15547,1
15551,1
15558,1
15569,1
15573,1
15576,1
15579,1
15582,1
15600,1
15611,1
15632,1
15647,1
15661,1
15662,1
15701,1
15712,1
15715,1
15716,1
15740,1
15745,1
15747,1
15749,1
15775,1
15782,1
15789,1
15794,1
15802,1
15851,1
15861,1
15891,1
15892,1
15894,1
15901,1
15903,1
15919,1
15923,1
15925,1
15977,1
15981,1
15990,1
16020,1
16025,1
16038,1
16045,1
16054,1
16066,1
16067,1
16098,1
16105,1
16120,1
16135,1
16143,1
16148,1
16151,1
16167,1
16169,1
16172,1
16175,1
16178,1
16193,1
16208,1
16303,1
16308,1
16335,1
16356,1
16360,1
16363,1
16368,1
16408,1
16432,1
16473,1
16491,1
16496,1
16514,1
16516,1
16525,1
16563,1
16565,1
16580,1
16583,1
16610,1
16613,1
16626,1
16628,1
16638,1
16643,1
16646,1
16663,1
16673,1
16688,1
16693,1
16696,1
16711,1
16740,1
16744,1
16753,1
16761,1
16768,1
16773,1
16779,1
16789,1
16797,1
16807,1
16817,1
16852,1
16863,1
16882,1
16885,1
16952,1
17000,1
17007,1
17009,1
17014,1
17019,1
17035,1
17086,1
17087,1
17088,1
17096,1
17104,1
17105,1
17127,1
17129,1
17136,1
17139,1
17141,1
17144,1
17145,1
17177,1
17237,1
17241,1
17251,1
17253,1
17261,1
17272,1
17275,1
17276,1
17281,1
17292,1
17305,1
17310,1
17319,1
17320,1
17351,1
17357,1
17358,1
17366,1
17384,1
17389,1
17394,1
17400,1
17437,1
17452,1
17459,1
17481,1
17485,1
17532,1
17536,1
17564,1
17579,1
17585,1
17615,1
17623,1
17633,1
17635,1
17645,1
17652,1
17661,1
17664,1
17704,1
17714,1
17718,1
17723,1
17727,1
17729,1
17753,1
17765,1
17774,1
17783,1
17800,1
17819,1
17835,1
17851,1
17891,1
17895,1
17917,1
17931,1
17944,1
17945,1
17964,1
17965,1
17967,1
18027,1
18035,1
18039,1
18040,1
18049,1
18054,1
18056,1
18144,1
18146,1
18160,1
18187,1
18217,1
18223,1
18235,1
18257,1
18261,1
18262,1
18264,1
18270,1
18290,1
18299,1
18314,1
18315,1
18323,1
18325,1
18330,1
18333,1
18390,1
18394,1
18396,1
18406,1
18412,1
18418,1
18431,1
18448,1
18458,1
18470,1
18479,1
18480,1
18481,1
18493,1
18507,1
18508,1
18519,1
18525,1
18529,1
18565,1
18569,1
18590,1
18597,1
18600,1
18607,1
18614,1
18617,1
18618,1
18642,1
18646,1
18658,1
18659,1
18660,1
18661,1
18663,1
18668,1
18678,1
18682,1
18693,1
18709,1
18712,1
18721,1
18735,1
18757,1
18760,1
18770,1
18775,1
18776,1
18787,1
18789,1
18791,1
18794,1
18810,1
18818,1
18850,1
18852,1
18856,1
18878,1
18880,1
18899,1
18906,1
18918,1
18987,1
18996,1
19007,1
19026,1
19033,1
19053,1
19059,1
19065,1
19067,1
19069,1
19097,1
19115,1
19124,1
19134,1
19137,1
19142,1
19144,1
19152,1
19161,1
19176,1
19199,1
19219,1
19227,1
19236,1
19240,1
19259,1
19260,1
19286,1
19287,1
19293,1
19295,1
19299,1
19314,1
19322,1
19346,1
19359,1
19363,1
19378,1
19395,1
19407,1
19417,1
19424,1
19434,1
19485,1
19499,1
19521,1
19527,1
19536,1
19548,1
19551,1
19557,1
19559,1
19582,1
19592,1
19606,1
19641,1
19651,1
19654,1
19672,1
19687,1
19706,1
19718,1
19722,1
19726,1
19738,1
19776,1
19779,1
19792,1
19798,1
19802,1
19820,1
19821,1
19823,1
19830,1
19833,1
19859,1
19872,1
19891,1
19895,1
19905,1
19925,1
19933,1
19951,1
19955,1
19956,1
19968,1
19970,1
19985,1
19990,1
19991,1
19994,1
19995,1
20012,1
20018,1
20023,1
20029,1
20040,1
20069,1
20095,1
20107,1
20132,1
20138,1
20178,1
20191,1
20209,1
20233,1
20246,1
20266,1
20268,1
20298,1
20299,1
20307,1
20308,1
20324,1
20332,1
20374,1
20395,1
20403,1
20405,1
20427,1
20463,1
20480,1
20509,1
20519,1
20527,1
20545,1
20573,1
20594,1
20598,1
20667,1
20699,1
20708,1
20711,1
20712,1
20735,1
20741,1
20744,1
20745,1
20769,1
20790,1
20796,1
20797,1
20806,1
20819,1
20853,1
20870,1
20880,1
20883,1
20926,1
20934,1
20939,1
20951,1
21002,1
21009,1
21014,1
21015,1
21017,1
21021,1
21025,1
21030,1
21046,1
21049,1
21073,1
21092,1
21109,1
21132,1
21140,1
21145,1
21156,1
21160,1
21170,1
21177,1
21179,1
21235,1
21236,1
21238,1
21242,1
21262,1
21266,1
21274,1
21283,1
21325,1
21330,1
21337,1
21340,1
21343,1
21364,1
21375,1
21414,1
21422,1
21428,1
21429,1
21451,1
21458,1
21471,1
21491,1
21493,1
21507,1
21516,1
21545,1
21552,1
21570,1
21596,1
21611,1
21612,1
21630,1
21631,1
21650,1
21660,1
21662,1
21692,1
21695,1
21782,1
21784,1
21785,1
21794,1
21815,1
21820,1
21833,1
21843,1
21848,1
21859,1
21891,1
21893,1
21921,1
21923,1
21933,1
21949,1
21950,1
21970,1
21974,1
21975,1
21987,1
21988,1
22004,1
22023,1
22039,1
22040,1
22049,1
22067,1
22076,1
22097,1
22107,1
22113,1
22121,1
22122,1
22134,1
22141,1
22146,1
22149,1
22156,1
22161,1
22173,1
22176,1
22178,1
22191,1
22193,1
22198,1
22203,1
22210,1
22216,1
22230,1
22233,1
22246,1
22261,1
22263,1
22270,1
22278,1
22290,1
22296,1
22327,1
22332,1
22366,1
22403,1
22407,1
22421,1
22437,1
22460,1
22472,1
22492,1
22507,1
22518,1
22521,1
22531,1
22536,1
22542,1
22561,1
22571,1
22586,1
22587,1
22595,1
22597,1
22632,1
22638,1
22639,1
22640,1
22644,1
22660,1
22689,1
22691,1
22704,1
22709,1
22712,1
22715,1
22732,1
22733,1
22738,1
22761,1
22770,1
22774,1
22794,1
22811,1
22851,1
22869,1
22878,1
22886,1
22888,1
22923,1
22925,1
22943,1
22945,1
22958,1
22966,1
22969,1
22980,1
23002,1
23009,1
23010,1
23019,1
23020,1
23043,1
23044,1
23046,1
23049,1
23057,1
23062,1
23077,1
23080,1
23096,1
23124,1
23148,1
23161,1
23164,1
23168,1
23172,1
23176,1
23199,1
23209,1
23213,1
23217,1
23244,1
23256,1
23268,1
23285,1
23288,1
23295,1
23299,1
23311,1
23313,1
23327,1
23346,1
23395,1
23399,1
23404,1
23406,1
23414,1
23421,1
23424,1
23440,1
23441,1
23444,1
23453,1
23455,1
23458,1
23481,1
23510,1
23522,1
23526,1
23535,1
23537,1
23539,1
23548,1
23549,1
23563,1
23565,1
23576,1
23578,1
23580,1
23589,1
23590,1
23600,1
23616,1
23631,1
23645,1
23654,1
23661,1
23662,1
23703,1
23705,1
23724,1
23726,1
23727,1
23734,1
23743,1
23747,1
23749,1
23766,1
23786,1
23787,1
23797,1
23823,1
23842,1
23847,1
23872,1
23892,1
23896,1
23897,1
23911,1
23919,1
23938,1
23939,1
23954,1
23957,1
23958,1
23968,1
23977,1
24019,1
24027,1
24046,1
24047,1
24059,1
24064,1
24075,1
24088,1
24090,1
24129,1
24131,1
24139,1
24140,1
24142,1
24145,1
24148,1
24159,1
24220,1
24222,1
24227,1
24239,1
24271,1
24309,1
24336,1
24348,1
24360,1
24369,1
24370,1
24376,1
24392,1
24404,1
24422,1
24443,1
24466,1
24507,1
24509,1
24515,1
24555,1
24564,1
24565,1
24566,1
24633,1
24637,1
24640,1
24673,1
24679,1
24685,1
24713,1
24756,1
24765,1
24770,1
24785,1
24792,1
24793,1
24815,1
24818,1
24883,1
24891,1
24918,1
24937,1
24941,1
24943,1
24954,1
24958,1
25022,1
25030,1
25050,1
25055,1
25062,1
25070,1
25071,1
25085,1
25087,1
25095,1
25096,1
25104,1
25110,1
25125,1
25140,1
25159,1
25193,1
25208,1
25217,1
25239,1
25244,1
25274,1
25293,1
25301,1
25324,1
25346,1
25348,1
25349,1
25372,1
25379,1
25384,1
25396,1
25404,1
25426,1
25439,1
25447,1
25464,1
25473,1
25508,1
25554,1
25558,1
25573,1
25607,1
25610,1
25626,1
25657,1
25665,1
25682,1
25685,1
25718,1
25737,1
25764,1
25772,1
25782,1
25784,1
25785,1
25810,1
25820,1
25822,1
25838,1
25861,1
25932,1
25975,1
25977,1
25992,1
25993,1
26059,1
26064,1
26065,1
26072,1
26102,1
26110,1
26120,1
26122,1
26132,1
26133,1
26162,1
26164,1
26193,1
26196,1
26199,1
26211,1
26213,1
26238,1
26258,1
26263,1
26264,1
26270,1
26305,1
26323,1
26352,1
26360,1
26368,1
26388,1
26422,1
26426,1
26429,1
26436,1
26457,1
26468,1
26478,1
26480,1
26495,1
26501,1
26507,1
26512,1
26537,1
26538,1
26543,1
26563,1
26576,1
26599,1
26610,1
26657,1
26666,1
26699,1
26707,1
26708,1
26727,1
26766,1
26790,1
26792,1
26821,1
26822,1
26846,1
26854,1
26856,1
26859,1
26867,1
26868,1
26877,1
26879,1
26896,1
26897,1
26904,1
26908,1
26950,1
26960,1
26965,1
26973,1
27002,1
27021,1
27031,1
27032,1
27034,1
27035,1
27038,1
27039,1
27048,1
27056,1
27064,1
27087,1
27103,1
27113,1
27137,1
27151,1
27156,1
27164,1
27184,1
27191,1
27194,1
27206,1
27218,1
27222,1
27224,1
27277,1
27296,1
27337,1
27348,1
27356,1
27359,1
27363,1
27364,1
27369,1
27371,1
27386,1
27446,1
27450,1
27452,1
27477,1
27479,1
27510,1
27514,1
27524,1
27529,1
27540,1
27566,1
27575,1
27584,1
27589,1
27604,1
27606,1
27609,1
27633,1
27636,1
27646,1
27651,1
27654,1
27668,1
27691,1
27721,1
27727,1
27732,1
27735,1
27737,1
27747,1
27751,1
27756,1
27779,1
27783,1
27794,1
27800,1
27805,1
27817,1
27822,1
27838,1
27855,1
27859,1
27877,1
27883,1
27884,1
27891,1
27900,1
27908,1
27924,1
27932,1
27934,1
27935,1
27945,1
27952,1
27954,1
27965,1
27973,1
27999,1
28001,1
28023,1
28039,1
28045,1
28048,1
28054,1
28060,1
28074,1
28081,1
28084,1
28085,1
28119,1
28140,1
28166,1
28168,1
28171,1
28202,1
28225,1
28234,1
28237,1
28243,1
28248,1
28259,1
28264,1
28275,1
28277,1
28292,1
28302,1
28310,1
28321,1
28328,1
28331,1
28337,1
28340,1
28380,1
28389,1
28401,1
28404,1
28426,1
28464,1
28466,1
28469,1
28470,1
28477,1
28485,1
28495,1
28523,1
28532,1
28533,1
28539,1
28542,1
28552,1
28561,1
28573,1
28584,1
28588,1
28601,1
28625,1
28627,1
28651,1
28680,1
28688,1
28698,1
28706,1
28753,1
28758,1
28780,1
28797,1
28799,1
28813,1
28814,1
28833,1
28844,1
28846,1
28855,1
28862,1
28864,1
28878,1
28916,1
28921,1
28927,1
28932,1
28942,1
28945,1
28962,1
28991,1
29013,1
29031,1
29046,1
29053,1
29054,1
29060,1
29061,1
29075,1
29114,1
29129,1
29142,1
29144,1
29152,1
29161,1
29162,1
29166,1
29195,1
29196,1
29198,1
29209,1
29215,1
29216,1
29228,1
29233,1
29244,1
29257,1
29259,1
29262,1
29295,1
29304,1
29307,1
29310,1
29329,1
29330,1
29333,1
29335,1
29355,1
29362,1
29371,1
29389,1
29400,1
29408,1
29413,1
29415,1
29424,1
29445,1
29446,1
29483,1
29517,1
29523,1
29548,1
29551,1
29565,1
29566,1
29569,1
29585,1
29595,1
29600,1
29601,1
29604,1
29633,1
29658,1
29663,1
29697,1
29700,1
29706,1
29725,1
29740,1
29748,1
29787,1
29801,1
29803,1
29804,1
29805,1
29813,1
29834,1
29836,1
29861,1
29870,1
29882,1
29884,1
29886,1
29889,1
29902,1
29908,1
29928,1
29930,1
29950,1
29957,1
29959,1
29976,1
29995,1
30022,1
30028,1
30043,1
30048,1
30050,1
30052,1
30118,1
30119,1
30126,1
30140,1
30150,1
30159,1
30163,1
30170,1
30176,1
30178,1
30187,1
30188,1
30191,1
30198,1
30199,1
30240,1
30244,1
30259,1
30263,1
30271,1
30273,1
30283,1
30298,1
30305,1
30306,1
30333,1
30349,1
30357,1
30366,1
30374,1
30376,1
30383,1
30389,1
30390,1
30426,1
30427,1
30451,1
30456,1
30458,1
30468,1
30477,1
30496,1
30508,1
30511,1
30513,1
30524,1
30566,1
30569,1
30624,1
30633,1
30634,1
30667,1
30668,1
30674,1
30693,1
30698,1
30716,1
30744,1
30774,1
30793,1
30806,1
30817,1
30819,1
30823,1
30832,1
30833,1
30839,1
30844,1
30846,1
30872,1
30886,1
30910,1
30915,1
30918,1
30935,1
30937,1
30940,1
30942,1
30946,1
30952,1
30960,1
30970,1
30979,1
30985,1
30987,1
30990,1
30993,1
31008,1
31017,1
31019,1
31044,1
31046,1
31050,1
31052,1
31061,1
31066,1
31086,1
31087,1
31092,1
31094,1
31128,1
31129,1
31135,1
31137,1
31162,1
31223,1
31248,1
31263,1
31271,1
31279,1
31291,1
31299,1
31305,1
31335,1
31336,1
31341,1
31343,1
31345,1
31355,1
31371,1
31380,1
31403,1
31416,1
31443,1
31446,1
31461,1
31466,1
31467,1
31490,1
31494,1
31514,1
31533,1
31534,1
31555,1
31561,1
31567,1
31577,1
31585,1
31589,1
31632,1
31641,1
31642,1
31647,1
31654,1
31667,1
31678,1
31692,1
31694,1
31702,1
31735,1
31737,1
31759,1
31784,1
31789,1
31805,1
31806,1
31838,1
31844,1
31846,1
31847,1
31850,1
31853,1
31857,1
31860,1
31886,1
31905,1
31950,1
31956,1
31957,1
31970,1
31977,1
32008,1
32019,1
32027,1
32036,1
32037,1
32040,1
32041,1
32070,1
32096,1
32111,1
32134,1
32139,1
32143,1
32205,1
32206,1
32222,1
32233,1
32236,1
32258,1
32266,1
32267,1
32276,1
32316,1
32330,1
32339,1
32341,1
32347,1
32362,1
32378,1
32407,1
32440,1
32449,1
32450,1
32455,1
32477,1
32493,1
32503,1
32504,1
32542,1
32557,1
32564,1
32585,1
32594,1
32604,1
32628,1
32690,1
32693,1
32700,1
32708,1
32709,1
32715,1
32726,1
32757,1
32761,1
32764,1
32765,1
32770,1
32781,1
32792,1
32824,1
32831,1
32833,1
32838,1
32849,1
32850,1
32853,1
32859,1
32865,1
32869,1
32903,1
32924,1
32929,1
32939,1
32944,1
32978,1
32985,1
32995,1
33002,1
33008,1
33016,1
33027,1
33028,1
33038,1
33044,1
33047,1
33062,1
33067,1
33093,1
33108,1
33114,1
33127,1
33147,1
33150,1
33160,1
33175,1
33179,1
33234,1
33270,1
33281,1
33283,1
33298,1
33320,1
33355,1
33360,1
33372,1
33393,1
33396,1
33408,1
33423,1
33425,1
33430,1
33464,1
33466,1
33484,1
33485,1
33497,1
33514,1
33515,1
33533,1
33540,1
33546,1
33564,1
33565,1
33576,1
33579,1
33584,1
33585,1
33591,1
33594,1
33610,1
33611,1
33619,1
33622,1
33662,1
33710,1
33746,1
33757,1
33758,1
33768,1
33769,1
33778,1
33794,1
33803,1
33816,1
33822,1
33833,1
33835,1
33848,1
33851,1
33856,1
33872,1
33880,1
33891,1
33920,1
33955,1
33959,1
33972,1
33986,1
33990,1
33999,1
34004,1
34010,1
34017,1
34022,1
34028,1
34047,1
34054,1
34063,1
34076,1
34083,1
34087,1
34093,1
34106,1
34107,1
34109,1
34117,1
34187,1
34196,1
34203,1
34210,1
34214,1
34232,1
34235,1
34236,1
34243,1
34263,1
34273,1
34276,1
34298,1
34306,1
34313,1
34335,1
34345,1
34383,1
34386,1
34392,1
34406,1
34415,1
34416,1
34419,1
34422,1
34427,1
34437,1
34441,1
34463,1
34491,1
34501,1
34502,1
34518,1
34522,1
34526,1
34527,1
34545,1
34553,1
34571,1
34595,1
34597,1
34643,1
34663,1
34679,1
34695,1
34717,1
34720,1
34723,1
34733,1
34736,1
34739,1
34748,1
34750,1
34759,1
34767,1
34773,1
34781,1
34791,1
34801,1
34811,1
34813,1
34815,1
34827,1
34829,1
34835,1
34867,1
34868,1
34874,1
34878,1
34886,1
34887,1
34888,1
34889,1
34905,1
34923,1
34947,1
34956,1
34957,1
34962,1
34982,1
34987,1
34991,1
34995,1
35017,1
35021,1
35059,1
35069,1
35082,1
35086,1
35113,1
35125,1
35132,1
35166,1
35173,1
35186,1
35204,1
35214,1
35224,1
35235,1
35236,1
35280,1
35285,1
35295,1
35299,1
35305,1
35328,1
35330,1
35371,1
35379,1
35392,1
35397,1
35417,1
35423,1
35451,1
35453,1
35471,1
35495,1
35513,1
35521,1
35534,1
35546,1
35554,1
35568,1
35576,1
35584,1
35595,1
35620,1
35623,1
35633,1
35634,1
35671,1
35678,1
35701,1
35724,1
35727,1
35729,1
35747,1
35754,1
35769,1
35771,1
35777,1
35781,1
35783,1
35787,1
35792,1
35793,1
35804,1
35826,1
35828,1
35831,1
35844,1
35869,1
35876,1
35883,1
35884,1
35892,1
35895,1
35904,1
35917,1
35930,1
35938,1
35942,1
35978,1
36021,1
36047,1
36058,1
36075,1
36081,1
36083,1
36097,1
36098,1
36112,1
36129,1
36151,1
36170,1
36183,1
36184,1
36193,1
36217,1
36229,1
36243,1
36245,1
36259,1
36260,1
36283,1
36291,1
36294,1
36296,1
36297,1
36302,1
36304,1
36318,1
36322,1
36329,1
36346,1
36349,1
36350,1
36353,1
36356,1
36360,1
36365,1
36371,1
36380,1
36421,1
36434,1
36479,1
36480,1
36491,1
36501,1
36503,1
36504,1
36514,1
36549,1
36559,1
36563,1
36571,1
36572,1
36591,1
36594,1
36597,1
36676,1
36693,1
36696,1
36697,1
36702,1
36730,1
36732,1
36738,1
36739,1
36745,1
36746,1
36759,1
36784,1
36786,1
36790,1
36795,1
36807,1
36810,1
36841,1
36844,1
36850,1
36856,1
36863,1
36884,1
36886,1
36917,1
36930,1
36940,1
36943,1
36946,1
36951,1
36957,1
36968,1
36981,1
36997,1
37009,1
37011,1
37018,1
37036,1
37040,1
37043,1
37052,1
37064,1
37072,1
37074,1
37081,1
37086,1
37094,1
37112,1
37116,1
37121,1
37123,1
37132,1
37157,1
37160,1
37193,1
37223,1
37225,1
37229,1
37246,1
37247,1
37253,1
37290,1
37307,1
37320,1
37355,1
37361,1
37365,1
37373,1
37375,1
37387,1
37388,1
37399,1
37409,1
37431,1
37439,1
37449,1
37463,1
37472,1
37475,1
37488,1
37497,1
37498,1
37504,1
37509,1
37514,1
37526,1
37538,1
37540,1
37591,1
37614,1
37645,1
37650,1
37669,1
37671,1
37672,1
37675,1
37676,1
37677,1
37678,1
37680,1
37681,1
37698,1
37708,1
37715,1
37777,1
37792,1
37794,1
37796,1
37799,1
37813,1
37838,1
37843,1
37870,1
37876,1
37884,1
37896,1
37907,1
37923,1
37929,1
37941,1
37977,1
37978,1
37995,1
38000,1
38022,1
38032,1
38042,1
38044,1
38072,1
38087,1
38088,1
38095,1
38109,1
38122,1
38152,1
38156,1
38160,1
38196,1
38225,1
38243,1
38275,1
38279,1
38315,1
38332,1
38337,1
38345,1
38356,1
38389,1
38394,1
38412,1
38442,1
38480,1
38482,1
38489,1
38495,1
38496,1
38506,1
38507,1
38525,1
38533,1
38558,1
38561,1
38578,1
38581,1
38586,1
38608,1
38611,1
38617,1
38629,1
38635,1
38649,1
38660,1
38668,1
38677,1
38680,1
38685,1
38690,1
38702,1
38723,1
38738,1
38742,1
38748,1
38758,1
38762,1
38777,1
38781,1
38842,1
38847,1
38871,1
38872,1
38875,1
38886,1
38893,1
38901,1
38905,1
38916,1
38917,1
38936,1
38951,1
38953,1
38972,1
38989,1
38990,1
39006,1
39015,1
39022,1
39040,1
39048,1
39051,1
39084,1
39090,1
39091,1
39094,1
39105,1
39111,1
39113,1
39139,1
39147,1
39151,1
39154,1
39165,1
39170,1
39171,1
39174,1
39175,1
39178,1
39180,1
39182,1
39194,1
39206,1
39211,1
39238,1
39248,1
39251,1
39266,1
39286,1
39289,1
39294,1
39310,1
39313,1
39332,1
39339,1
39371,1
39421,1
39433,1
39436,1
39459,1
39466,1
39480,1
39481,1
39493,1
39518,1
39531,1
39555,1
39563,1
39584,1
39596,1
39600,1
39603,1
39614,1
39616,1
39619,1
39621,1
39631,1
39632,1
39642,1
39643,1
39647,1
39648,1
39656,1
39664,1
39677,1
39696,1
39713,1
39726,1
39745,1
39752,1
39763,1
39768,1
39778,1
39793,1
39794,1
39797,1
39800,1
39814,1
39859,1
39883,1
39886,1
39888,1
39890,1
39891,1
39896,1
39897,1
39910,1
39918,1
39931,1
39963,1
39976,1
40016,1
40024,1
40032,1
40036,1
40043,1
40062,1
40068,1
40069,1
40071,1
40116,1
40126,1
40132,1
40145,1
40149,1
40154,1
40162,1
40195,1
40198,1
40204,1
40207,1
40232,1
40263,1
40271,1
40294,1
40307,1
40334,1
40373,1
40379,1
40406,1
40416,1
40418,1
40423,1
40442,1
40454,1
40458,1
40475,1
40480,1
40490,1
40500,1
40505,1
40511,1
40512,1
40534,1
40539,1
40542,1
40546,1
40567,1
40568,1
40578,1
40579,1
40581,1
40603,1
40612,1
40622,1
40630,1
40653,1
40654,1
40659,1
40674,1
40693,1
40705,1
40708,1
40710,1
40726,1
40736,1
40754,1
40759,1
40760,1
40774,1
40810,1
40813,1
40816,1
40836,1
40867,1
40871,1
40879,1
40882,1
40899,1
40922,1
40942,1
40963,1
40970,1
40979,1
40983,1
40987,1
40995,1
40998,1
41000,1
41003,1
41008,1
41016,1
41018,1
41019,1
41034,1
41042,1
41050,1
41097,1
41101,1
41106,1
41113,1
41121,1
41122,1
41141,1
41160,1
41165,1
41192,1
41211,1
41228,1
41256,1
41272,1
41274,1
41286,1
41309,1
41315,1
41319,1
41341,1
41342,1
41346,1
41349,1
41350,1
41355,1
41389,1
41397,1
41411,1
41412,1
41415,1
41456,1
41457,1
41469,1
41481,1
41497,1
41505,1
41506,1
41513,1
41515,1
41528,1
41529,1
41537,1
41546,1
41547,1
41558,1
41568,1
41569,1
41581,1
41586,1
41611,1
41619,1
41626,1
41630,1
41640,1
41644,1
41655,1
41669,1
41696,1
41706,1
41714,1
41718,1
41729,1
41746,1
41748,1
41749,1
41760,1
41777,1
41800,1
41802,1
41832,1
41841,1
41860,1
41878,1
41880,1
41918,1
41943,1
41949,1
41960,1
41961,1
41976,1
41991,1
41997,1
42006,1
42026,1
42029,1
42030,1
42102,1
42108,1
42118,1
42134,1
42135,1
42142,1
42154,1
42161,1
42168,1
42182,1
42188,1
42216,1
42236,1
42245,1
42280,1
42298,1
42324,1
42336,1
42337,1
42342,1
42343,1
42348,1
42364,1
42366,1
42379,1
42396,1
42399,1
42419,1
42436,1
42446,1
42453,1
42454,1
42455,1
42480,1
42548,1
42572,1
42592,1
42596,1
42601,1
42604,1
42621,1
42624,1
42633,1
42645,1
42646,1
42663,1
42668,1
42693,1
42708,1
42711,1
42736,1
42749,1
42753,1
42759,1
42760,1
42766,1
42773,1
42800,1
42802,1
42804,1
42849,1
42865,1
42872,1
42873,1
42883,1
42894,1
42907,1
42912,1
42940,1
42942,1
42950,1
42958,1
42963,1
42987,1
42994,1
43004,1
43010,1
43026,1
43039,1
43045,1
43054,1
43073,1
43084,1
43126,1
43145,1
43152,1
43159,1
43162,1
43167,1
43185,1
43186,1
43198,1
43223,1
43226,1
43241,1
43246,1
43253,1
43258,1
43266,1
43268,1
43278,1
43282,1
43284,1
43285,1
43307,1
43309,1
43314,1
43335,1
43337,1
43362,1
43375,1
43403,1
43432,1
43437,1
43438,1
43441,1
43444,1
43480,1
43502,1
43507,1
43518,1
43527,1
43529,1
43530,1
43545,1
43583,1
43591,1
43600,1
43607,1
43615,1
43629,1
43630,1
43640,1
43642,1
43653,1
43654,1
43657,1
43659,1
43679,1
43694,1
43740,1
43751,1
43752,1
43753,1
43755,1
43756,1
43809,1
43810,1
43816,1
43823,1
43831,1
43840,1
43852,1
43876,1
43907,1
43910,1
43924,1
43925,1
43935,1
43944,1
43947,1
43953,1
43956,1
43972,1
43992,1
43995,1
44001,1
44016,1
44022,1
44043,1
44058,1
44068,1
44085,1
44095,1
44107,1
44111,1
44113,1
44116,1
44153,1
44154,1
44161,1
44170,1
44176,1
44180,1
44191,1
44192,1
44218,1
44232,1
44244,1
44253,1
44261,1
44293,1
44298,1
44311,1
44314,1
44321,1
44343,1
44356,1
44360,1
44376,1
44396,1
44412,1
44420,1
44425,1
44433,1
44441,1
44442,1
44448,1
44466,1
44494,1
44526,1
44535,1
44544,1
44577,1
44579,1
44588,1
44591,1
44603,1
44613,1
44619,1
44634,1
44636,1
44637,1
44660,1
44670,1
44675,1
44676,1
44685,1
44690,1
44692,1
44701,1
44720,1
44730,1
44731,1
44764,1
44765,1
44770,1
44771,1
44772,1
44776,1
44791,1
44818,1
44844,1
44847,1
44863,1
44869,1
44881,1
44903,1
44984,1
44997,1
45053,1
45063,1
45064,1
45066,1
45073,1
45079,1
45084,1
45105,1
45114,1
45117,1
45121,1
45140,1
45165,1
45177,1
45186,1
45191,1
45193,1
45194,1
45210,1
45214,1
45222,1
45230,1
45253,1
45263,1
45275,1
45278,1
45279,1
45281,1
45285,1
45286,1
45294,1
45295,1
45297,1
45307,1
45315,1
45330,1
45333,1
45335,1
45336,1
45337,1
45398,1
45409,1
45455,1
45460,1
45465,1
45468,1
45470,1
45486,1
45501,1
45509,1
45512,1
45540,1
45583,1
45617,1
45620,1
45633,1
45636,1
45653,1
45658,1
45659,1
45660,1
45677,1
45683,1
45685,1
45694,1
45705,1
45713,1
45721,1
45733,1
45740,1
45749,1
45751,1
45753,1
45755,1
45766,1
45768,1
45773,1
45778,1
45785,1
45795,1
45796,1
45815,1
45834,1
45865,1
45875,1
45876,1
45892,1
45894,1
45896,1
45905,1
45907,1
45914,1
45919,1
45924,1
45932,1
45939,1
45943,1
45944,1
45952,1
45968,1
45971,1
45999,1
46017,1
46031,1
46052,1
46061,1
46066,1
46072,1
46074,1
46086,1
46094,1
46120,1
46128,1
46154,1
46157,1
46168,1
46178,1
46183,1
46184,1
46199,1
46218,1
46238,1
46250,1
46269,1
46270,1
46285,1
46287,1
46296,1
46319,1
46329,1
46331,1
46358,1
46359,1
46362,1
46372,1
46373,1
46380,1
46384,1
46388,1
46416,1
46422,1
46481,1
46486,1
46498,1
46508,1
46518,1
46536,1
46540,1
46541,1
46548,1
46550,1
46584,1
46593,1
46596,1
46604,1
46612,1
46637,1
46649,1
46665,1
46671,1
46690,1
46699,1
46707,1
46728,1
46738,1
46741,1
46763,1
46771,1
46776,1
46799,1
46806,1
46808,1
46812,1
46820,1
46841,1
46869,1
46887,1
46933,1
46952,1
46955,1
46970,1
46985,1
47005,1
47009,1
47015,1
47016,1
47031,1
47034,1
47051,1
47055,1
47067,1
47069,1
47092,1
47139,1
47146,1
47165,1
47201,1
47209,1
47249,1
47264,1
47265,1
47278,1
47281,1
47318,1
47328,1
47381,1
47385,1
47389,1
47396,1
47408,1
47421,1
47435,1
47446,1
47487,1
47491,1
47494,1
47503,1
47510,1
47547,1
47557,1
47616,1
47645,1
47655,1
47664,1
47665,1
47668,1
47685,1
47713,1
47720,1
47743,1
47782,1
47792,1
47812,1
47829,1
47845,1
47848,1
47870,1
47890,1
47905,1
47913,1
47939,1
47948,1
47968,1
47971,1
47989,1
47994,1
48004,1
48020,1
48033,1
48036,1
48046,1
48053,1
48059,1
48069,1
48080,1
48082,1
48091,1
48107,1
48114,1
48134,1
48138,1
48139,1
48153,1
48189,1
48190,1
48191,1
48212,1
48220,1
48226,1
48245,1
48249,1
48265,1
48270,1
48277,1
48333,1
48344,1
48348,1
48354,1
48361,1
48365,1
48369,1
48395,1
48402,1
48407,1
48412,1
48463,1
48484,1
48485,1
48496,1
48510,1
48516,1
48529,1
48532,1
48556,1
48561,1
48567,1
48573,1
48579,1
48585,1
48586,1
48606,1
48611,1
48613,1
48617,1
48619,1
48630,1
48645,1
48679,1
48683,1
48696,1
48710,1
48726,1
48743,1
48762,1
48763,1
48784,1
48786,1
48793,1
48809,1
48828,1
48855,1
48871,1
48883,1
48885,1
48924,1
48935,1
48953,1
48959,1
48967,1
48972,1
48980,1
49013,1
49049,1
49062,1
49067,1
49090,1
49091,1
49096,1
49106,1
49112,1
49115,1
49125,1
49132,1
49146,1
49173,1
49182,1
49186,1
49190,1
49193,1
49196,1
49211,1
49229,1
49241,1
49243,1
49261,1
49262,1
49264,1
49274,1
49288,1
49304,1
49311,1
49325,1
49363,1
49373,1
49395,1
49401,1
49426,1
49428,1
49449,1
49451,1
49462,1
49477,1
49484,1
49499,1
49519,1
49520,1
49529,1
49535,1
49540,1
49555,1
49561,1
49564,1
49567,1
49568,1
49581,1
49594,1
49601,1
49621,1
49627,1
49649,1
49669,1
49674,1
49675,1
49686,1
49705,1
49731,1
49736,1
49748,1
49771,1
49777,1
49780,1
49785,1
49787,1
49803,1
49830,1
49835,1
49843,1
49845,1
49856,1
49858,1
49870,1
49872,1
49876,1
49887,1
49895,1
49913,1
49934,1
49958,1
49985,1
49986,1
49995,1
49998,1
50001,1
50012,1
50021,1
50025,1
50038,1
50069,1
50073,1
50092,1
50094,1
50095,1
50116,1
50136,1
50154,1
50161,1
50163,1
50170,1
50189,1
50193,1
50209,1
50212,1
50224,1
50229,1
50234,1
50236,1
50257,1
50289,1
50293,1
50311,1
50315,1
50329,1
50333,1
50334,1
50358,1
50360,1
50364,1
50399,1
50408,1
50442,1
50482,1
50483,1
50487,1
50518,1
50531,1
50542,1
50568,1
50604,1
50610,1
50611,1
50618,1
50634,1
50638,1
50664,1
50688,1
50695,1
50715,1
50727,1
50781,1
50817,1
50848,1
50852,1
50863,1
50868,1
50869,1
50884,1
50890,1
50895,1
50897,1
50903,1
50961,1
50962,1
50992,1
51026,1
51074,1
51093,1
51106,1
51120,1
51131,1
51163,1
51178,1
51190,1
51193,1
51198,1
51200,1
51211,1
51216,1
51231,1
51232,1
51244,1
51245,1
51251,1
51260,1
51263,1
51281,1
51306,1
51311,1
51320,1
51339,1
51350,1
51353,1
51355,1
51360,1
51374,1
51380,1
51387,1
51390,1
51401,1
51404,1
51405,1
51430,1
51437,1
51446,1
51451,1
51459,1
51475,1
51478,1
51515,1
51519,1
51532,1
51551,1
51585,1
51601,1
51615,1
51631,1
51641,1
51656,1
51661,1
51670,1
51675,1
51677,1
51684,1
51686,1
51691,1
51697,1
51709,1
51711,1
51718,1
51732,1
51733,1
51739,1
51741,1
51742,1
51748,1
51756,1
51758,1
51760,1
51768,1
51770,1
51783,1
51792,1
51802,1
51816,1
51817,1
51836,1
51855,1
51858,1
51872,1
51881,1
51885,1
51889,1
51899,1
51918,1
51937,1
51944,1
51945,1
51950,1
51967,1
51985,1
51987,1
52003,1
52013,1
52014,1
52047,1
52057,1
52061,1
52069,1
52070,1
52088,1
52109,1
52114,1
52121,1
52123,1
52132,1
52141,1
52155,1
52157,1
52168,1
52175,1
52183,1
52187,1
52196,1
52199,1
52200,1
52227,1
52244,1
52263,1
52266,1
52271,1
52276,1
52278,1
52286,1
52287,1
52306,1
52344,1
52362,1
52368,1
52405,1
52411,1
52421,1
52423,1
52428,1
52438,1
52445,1
52472,1
52485,1
52501,1
52503,1
52510,1
52535,1
52536,1
52541,1
52542,1
52551,1
52563,1
52578,1
52589,1
52605,1
52613,1
52617,1
52622,1
52632,1
52637,1
52642,1
52655,1
52656,1
52659,1
52661,1
52683,1
52691,1
52705,1
52711,1
52723,1
52724,1
52736,1
52740,1
52772,1
52795,1
52808,1
52810,1
52813,1
52817,1
52826,1
52838,1
52840,1
52843,1
52850,1
52853,1
52856,1
52862,1
52869,1
52872,1
52881,1
52883,1
52894,1
52896,1
52913,1
52921,1
52926,1
52928,1
52953,1
52995,1
53019,1
53023,1
53045,1
53048,1
53064,1
53072,1
53108,1
53140,1
53174,1
53178,1
53183,1
53191,1
53213,1
53221,1
53230,1
53241,1
53265,1
53277,1
53282,1
53284,1
53286,1
53289,1
53329,1
53334,1
53350,1
53424,1
53436,1
53437,1
53456,1
53473,1
53478,1
53489,1
53516,1
53533,1
53534,1
53545,1
53546,1
53558,1
53571,1
53583,1
53590,1
53600,1
53612,1
53634,1
53641,1
53655,1
53658,1
53666,1
53670,1
53691,1
53695,1
53698,1
53701,1
53716,1
53719,1
53721,1
53726,1
53729,1
53731,1
53742,1
53752,1
53753,1
53761,1
53768,1
53778,1
53792,1
53809,1
53823,1
53825,1
53831,1
53833,1
53849,1
53863,1
53867,1
53876,1
53881,1
53882,1
53887,1
53915,1
53920,1
53927,1
53978,1
53983,1
53987,1
53991,1
53993,1
54005,1
54008,1
54011,1
54012,1
54017,1
54018,1
54020,1
54024,1
54026,1
54043,1
54046,1
54068,1
54072,1
54107,1
54113,1
54120,1
54130,1
54137,1
54146,1
54151,1
54164,1
54180,1
54233,1
54236,1
54259,1
54269,1
54288,1
54305,1
54315,1
54326,1
54327,1
54331,1
54337,1
54355,1
54369,1
54373,1
54385,1
54416,1
54422,1
54424,1
54442,1
54455,1
54471,1
54489,1
54497,1
54503,1
54504,1
54507,1
54511,1
54522,1
54523,1
54533,1
54535,1
54542,1
54573,1
54574,1
54576,1
54579,1
54624,1
54643,1
54657,1
54695,1
54713,1
54720,1
54722,1
54730,1
54734,1
54757,1
54761,1
54792,1
54796,1
6725,0
42151,0
28950,0
18093,0
20216,0
16027,0
16918,0
45422,0
15370,0
3858,0
11182,0
8860,0
27336,0
41842,0
30867,0
23273,0
24864,0
31916,0
26649,0
7178,0
50981,0
10789,0
9033,0
5622,0
39120,0
48342,0
39624,0
47603,0
8516,0
20376,0
7950,0
17572,0
46683,0
34961,0
5105,0
6723,0
36466,0
42425,0
24335,0
37891,0
43113,0
43313,0
26200,0
46664,0
9954,0
1073,0
29817,0
34278,0
21039,0
30004,0
49026,0
35205,0
45838,0
53864,0
2584,0
28970,0
8895,0
13390,0
30616,0
46630,0
12977,0
36878,0
7749,0
27309,0
1127,0
45895,0
51491,0
47735,0
31142,0
16016,0
4539,0
52170,0
46524,0
41213,0
14594,0
32588,0
5996,0
2256,0
33820,0
48913,0
28540,0
5598,0
30949,0
14203,0
34259,0
23830,0
21734,0
6816,0
16536,0
35856,0
53257,0
53585,0
47463,0
54611,0
40275,0
9740,0
12900,0
25995,0
10205,0
30961,0
21437,0
13035,0
49577,0
1920,0
23249,0
24407,0
25072,0
35619,0
33278,0
41525,0
54403,0
52,0
16702,0
23261,0
24714,0
40510,0
4646,0
102,0
29728,0
27579,0
24755,0
54506,0
11836,0
40150,0
27690,0
45484,0
19179,0
11781,0
12959,0
18202,0
11584,0
40166,0
46302,0
558,0
21129,0
36050,0
4130,0
37665,0
21149,0
19624,0
11598,0
17343,0
4861,0
20147,0
27824,0
18998,0
25015,0
12921,0
10231,0
37232,0
17875,0
24678,0
18380,0
29672,0
25986,0
28670,0
3225,0
10498,0
48961,0
15000,0
41932,0
37248,0
54392,0
25516,0
2264,0
7539,0
9890,0
10388,0
11650,0
34864,0
18042,0
52324,0
14795,0
38081,0
23102,0
11754,0
19921,0
25272,0
12826,0
12834,0
47852,0
7247,0
23850,0
38997,0
28450,0
4640,0
37802,0
8435,0
17626,0
1965,0
46113,0
5236,0
51975,0
38598,0
31554,0
20919,0
21955,0
39485,0
45407,0
43270,0
45802,0
12758,0
30432,0
28061,0
47119,0
49431,0
48848,0
52525,0
50129,0
37528,0
46411,0
48015,0
22562,0
32264,0
44732,0
3004,0
47239,0
8346,0
23906,0
12304,0
54374,0
2143,0
38441,0
36949,0
49203,0
18858,0
53076,0
25480,0
15699,0
18370,0
30104,0
40277,0
16780,0
21533,0
34,0
36135,0
20041,0
49976,0
1988,0
22195,0
53396,0
38633,0
4825,0
6275,0
4269,0
49333,0
33130,0
28792,0
23820,0
31197,0
47087,0
15200,0
17738,0
39826,0
8153,0
25659,0
49617,0
20909,0
52549,0
37334,0
46818,0
15825,0
8420,0
14984,0
52437,0
40667,0
37659,0
47906,0
45150,0
22935,0
31953,0
11064,0
41509,0
5340,0
52221,0
50149,0
53398,0
3865,0
41969,0
37262,0
34981,0
10120,0
32975,0
36367,0
33378,0
43265,0
33763,0
38505,0
39024,0
1438,0
14223,0
16144,0
34402,0
18970,0
26633,0
7834,0
34018,0
39117,0
15422,0
50660,0
16139,0
42501,0
23385,0
34881,0
38683,0
52158,0
12706,0
16068,0
34001,0
49167,0
32187,0
4336,0
18453,0
201,0
51774,0
40707,0
32842,0
32533,0
42243,0
18587,0
5541,0
50183,0
54627,0
33357,0
43651,0
4577,0
32990,0
27045,0
17648,0
3954,0
471,0
32422,0
20643,0
38925,0
9582,0
6391,0
17325,0
5735,0
40562,0
42320,0
24428,0
29067,0
18447,0
26818,0
35006,0
40315,0
18437,0
22681,0
11494,0
26870,0
28712,0
10422,0
43386,0
45890,0
51456,0
47056,0
7059,0
27193,0
30398,0
32181,0
37251,0
14986,0
28649,0
19702,0
8298,0
40681,0
11960,0
43399,0
14374,0
18200,0
52560,0
8517,0
33433,0
47702,0
13063,0
34110,0
32132,0
29159,0
16276,0
38097,0
25614,0
3745,0
34706,0
28676,0
3448,0
49894,0
1138,0
36743,0
18855,0
11411,0
29530,0
41324,0
43038,0
53837,0
8012,0
14562,0
39816,0
47516,0
26700,0
48703,0
8464,0
3755,0
15980,0
31827,0
53359,0
34603,0
8056,0
10132,0
30070,0
32185,0
48544,0
9917,0
54589,0
4815,0
42884,0
49493,0
19245,0
36809,0
18184,0
43765,0
14256,0
45026,0
24778,0
28742,0
386,0
54307,0
10396,0
4177,0
53054,0
18095,0
16887,0
50173,0
30758,0
41677,0
18490,0
4081,0
46376,0
2691,0
27956,0
47695,0
22251,0
20060,0
41162,0
5927,0
38831,0
40446,0
42691,0
2835,0
5215,0
51962,0
10592,0
25561,0
15676,0
14121,0
10328,0
17520,0
14808,0
52861,0
45756,0
3764,0
32204,0
41386,0
314,0
24552,0
16640,0
22767,0
43699,0
51272,0
2503,0
46139,0
3174,0
22735,0
39567,0
25173,0
32391,0
733,0
15515,0
51318,0
14954,0
35541,0
51986,0
40365,0
37979,0
11376,0
45891,0
9420,0
31328,0
14959,0
11198,0
20945,0
22053,0
32281,0
50641,0
21539,0
41223,0
18869,0
10583,0
4350,0
30091,0
35381,0
48424,0
21312,0
32592,0
18945,0
30239,0
22510,0
29838,0
24051,0
12856,0
20398,0
31646,0
35046,0
334,0
38232,0
15185,0
10834,0
11648,0
30166,0
17558,0
39003,0
21781,0
25800,0
26292,0
13866,0
18915,0
10793,0
18034,0
20223,0
7992,0
15346,0
50493,0
24595,0
48166,0
13891,0
53965,0
45601,0
39767,0
38110,0
26272,0
17108,0
17534,0
1004,0
25773,0
21267,0
22974,0
32269,0
51676,0
31338,0
36414,0
46782,0
14348,0
50424,0
48140,0
41010,0
10620,0
10837,0
2792,0
49683,0
54425,0
4759,0
14167,0
28235,0
16243,0
39155,0
28642,0
550,0
41927,0
33319,0
20379,0
14667,0
43096,0
14874,0
35605,0
50222,0
3242,0
6863,0
1680,0
52925,0
11502,0
13054,0
32618,0
14005,0
13640,0
9572,0
8513,0
42002,0
5260,0
34852,0
7251,0
53529,0
53922,0
16917,0
15126,0
3237,0
34358,0
24745,0
23304,0
28960,0
4472,0
22309,0
13962,0
38704,0
44813,0
47669,0
34859,0
26310,0
28488,0
2722,0
54129,0
21513,0
9800,0
25241,0
32149,0
34277,0
36857,0
36978,0
40188,0
7165,0
28603,0
2837,0
51961,0
47180,0
12260,0
2673,0
12354,0
5421,0
26418,0
30578,0
54439,0
44802,0
32763,0
42982,0
1987,0
20652,0
11663,0
2054,0
30123,0
44784,0
49389,0
11867,0
50640,0
41567,0
32780,0
760,0
43718,0
49936,0
40940,0
6847,0
5925,0
25103,0
30957,0
7411,0
40928,0
14355,0
39530,0
20020,0
42541,0
16736,0
23608,0
3933,0
52539,0
35851,0
297,0
1795,0
26825,0
27247,0
832,0
7437,0
25539,0
42351,0
27921,0
22646,0
2366,0
7863,0
53460,0
23155,0
46456,0
41124,0
13243,0
11602,0
20822,0
44200,0
11572,0
46605,0
30587,0
44306,0
42087,0
26602,0
42697,0
31251,0
31963,0
45059,0
47086,0
22345,0
25203,0
755,0
37986,0
36684,0
42156,0
16385,0
46375,0
24631,0
15310,0
12010,0
26487,0
38817,0
46197,0
46463,0
17866,0
39184,0
52304,0
45667,0
40382,0
40938,0
33854,0
34903,0
40700,0
37453,0
15217,0
31663,0
888,0
37856,0
7285,0
25220,0
15341,0
38770,0
39496,0
42041,0
41308,0
21999,0
1643,0
49072,0
41374,0
1343,0
730,0
21896,0
41268,0
45849,0
20871,0
27586,0
26739,0
20995,0
25591,0
49369,0
38590,0
1935,0
17336,0
24675,0
1765,0
33331,0
44489,0
1021,0
5181,0
9609,0
50409,0
35300,0
31547,0
19867,0
25798,0
44049,0
16380,0
37150,0
13560,0
18420,0
50998,0
32828,0
24237,0
8314,0
22981,0
21641,0
34421,0
31616,0
32811,0
3488,0
43535,0
17427,0
33407,0
1169,0
53069,0
54063,0
27641,0
43938,0
43409,0
53395,0
6848,0
45120,0
28714,0
50203,0
31591,0
26611,0
14777,0
51016,0
28218,0
50894,0
41258,0
36104,0
4241,0
19146,0
53348,0
33520,0
3177,0
47944,0
32880,0
14182,0
14265,0
37374,0
54056,0
46635,0
35682,0
44794,0
23971,0
39242,0
15389,0
54619,0
42965,0
45433,0
51083,0
34176,0
31419,0
20791,0
9647,0
49654,0
8292,0
10440,0
37135,0
25126,0
20038,0
30709,0
7050,0
51338,0
39457,0
24425,0
29145,0
33608,0
29406,0
10303,0
53899,0
28746,0
5698,0
6632,0
29169,0
49136,0
9041,0
9096,0
31984,0
38171,0
33293,0
44932,0
17853,0
50873,0
16847,0
7410,0
39750,0
40872,0
23509,0
240,0
49974,0
2933,0
54201,0
32514,0
17554,0
39183,0
2909,0
17491,0
6830,0
54552,0
27127,0
18677,0
22816,0
505,0
36845,0
3276,0
18076,0
8709,0
39026,0
27459,0
29815,0
19422,0
10378,0
44902,0
17298,0
18537,0
46842,0
31063,0
9950,0
36046,0
54805,0
43184,0
49774,0
33199,0
8175,0
34169,0
42923,0
25163,0
28284,0
46710,0
25839,0
15072,0
35699,0
11410,0
36086,0
23371,0
14336,0
33303,0
25681,0
18731,0
27840,0
53126,0
49899,0
1600,0
17199,0
3263,0
38678,0
40493,0
38712,0
44796,0
27169,0
39835,0
45613,0
35707,0
33970,0
30171,0
2895,0
54271,0
367,0
22576,0
36398,0
404,0
9328,0
41690,0
52035,0
419,0
1499,0
43321,0
9687,0
22849,0
2288,0
9166,0
28047,0
28195,0
22680,0
45267,0
659,0
24049,0
27263,0
44147,0
10069,0
20330,0
25506,0
40438,0
19698,0
27445,0
45887,0
49679,0
10999,0
19589,0
40503,0
20784,0
40127,0
5121,0
38931,0
43546,0
20199,0
34338,0
49738,0
41289,0
12335,0
1871,0
1272,0
10506,0
4235,0
34538,0
30540,0
33711,0
6261,0
16245,0
46937,0
50400,0
823,0
50822,0
11467,0
28793,0
12711,0
22954,0
22369,0
9766,0
16029,0
19031,0
8648,0
2709,0
35888,0
4358,0
15627,0
40696,0
1372,0
52451,0
34037,0
7289,0
18120,0
2973,0
34031,0
35535,0
37250,0
18385,0
2671,0
12675,0
39230,0
50687,0
41917,0
40577,0
20015,0
11201,0
6008,0
40124,0
50396,0
22000,0
46672,0
13400,0
12561,0
48422,0
37379,0
35850,0
37179,0
3637,0
31571,0
27147,0
28458,0
6192,0
6864,0
45220,0
23530,0
34681,0
6084,0
51669,0
23355,0
25247,0
39994,0
39092,0
10206,0
12705,0
52870,0
11841,0
35070,0
37226,0
8766,0
24290,0
22228,0
38054,0
980,0
44827,0
7456,0
35825,0
35956,0
211,0
18169,0
35589,0
27909,0
32983,0
13062,0
45256,0
18701,0
23755,0
13678,0
20647,0
1106,0
21749,0
31375,0
40509,0
50481,0
32941,0
22087,0
51789,0
4434,0
29340,0
12868,0
45516,0
40605,0
17451,0
4416,0
41684,0
42628,0
8573,0
13639,0
36441,0
6428,0
45524,0
36530,0
45767,0
1492,0
35640,0
14214,0
8783,0
28260,0
23925,0
48097,0
3592,0
46368,0
3220,0
27812,0
35051,0
17156,0
12289,0
27068,0
4751,0
2016,0
10056,0
49769,0
19089,0
25007,0
31351,0
4623,0
7213,0
28451,0
29066,0
53954,0
21219,0
51808,0
24397,0
53279,0
51021,0
26604,0
8142,0
31763,0
45159,0
40607,0
10983,0
15137,0
5190,0
7276,0
1969,0
28025,0
38907,0
13766,0
30997,0
51863,0
2911,0
49853,0
36026,0
25768,0
10124,0
44066,0
42221,0
50671,0
2585,0
51832,0
37187,0
29808,0
20722,0
34762,0
12684,0
44040,0
10032,0
36609,0
20469,0
33200,0
12443,0
7256,0
32284,0
31697,0
43135,0
22769,0
9363,0
43025,0
5573,0
46051,0
38157,0
42292,0
30625,0
4938,0
40341,0
14405,0
34605,0
31752,0
33881,0
22803,0
174,0
24323,0
40913,0
9026,0
21651,0
14726,0
36567,0
15299,0
1955,0
8103,0
35241,0
41919,0
36852,0
47680,0
14247,0
27826,0
43926,0
13355,0
6841,0
24706,0
38146,0
52678,0
33005,0
4062,0
19274,0
24703,0
48597,0
17137,0
27504,0
49604,0
54794,0
39215,0
7638,0
40144,0
13395,0
1906,0
28398,0
3765,0
48791,0
38011,0
32666,0
25783,0
36039,0
33974,0
45122,0
44593,0
40417,0
46097,0
39528,0
32425,0
15479,0
16403,0
36082,0
44228,0
4758,0
9453,0
32899,0
15724,0
12735,0
43879,0
50240,0
51416,0
54163,0
3427,0
27269,0
2263,0
35733,0
21123,0
43930,0
9631,0
35642,0
8778,0
18357,0
18634,0
901,0
11912,0
26018,0
40951,0
17671,0
18254,0
11249,0
31902,0
47118,0
51085,0
8558,0
38203,0
24301,0
37520,0
42973,0
10581,0
3275,0
54528,0
52565,0
42303,0
6504,0
16266,0
9261,0
39849,0
5909,0
29661,0
1489,0
1200,0
54057,0
45851,0
8724,0
43726,0
44741,0
29696,0
41913,0
16607,0
48454,0
30265,0
43683,0
24847,0
45605,0
54298,0
18883,0
46867,0
31458,0
5968,0
22238,0
37798,0
29283,0
47206,0
37371,0
13624,0
9594,0
40739,0
4115,0
9125,0
48128,0
36526,0
50277,0
6009,0
13539,0
34690,0
411,0
42900,0
28819,0
35964,0
38469,0
16334,0
19021,0
32238,0
41351,0
16217,0
52789,0
20830,0
14185,0
46652,0
30599,0
48631,0
18978,0
42582,0
32848,0
28724,0
43179,0
48618,0
10852,0
35918,0
46425,0
39389,0
1162,0
25613,0
827,0
24856,0
54452,0
53059,0
4199,0
51048,0
6464,0
15837,0
12105,0
48635,0
52447,0
17544,0
2883,0
40067,0
25307,0
20117,0
29395,0
20198,0
32619,0
10599,0
42789,0
21577,0
17036,0
1313,0
11599,0
23375,0
8696,0
40997,0
7905,0
26622,0
45937,0
32906,0
9344,0
14488,0
53411,0
2024,0
29225,0
53814,0
52790,0
37906,0
22892,0
25745,0
14474,0
19954,0
16504,0
36670,0
35147,0
4164,0
19590,0
51266,0
2102,0
51003,0
38108,0
6760,0
11632,0
11690,0
28570,0
553,0
7205,0
19209,0
14813,0
18280,0
10644,0
4065,0
18952,0
29907,0
25360,0
3604,0
46400,0
5656,0
36293,0
35898,0
40933,0
30058,0
36463,0
52184,0
54728,0
49810,0
16677,0
12799,0
16109,0
10217,0
45706,0
40433,0
27435,0
19856,0
42109,0
29011,0
44135,0
18430,0
30855,0
47700,0
31240,0
17348,0
52759,0
40727,0
53439,0
28879,0
16153,0
2906,0
42750,0
24772,0
29989,0
39929,0
39574,0
17537,0
10361,0
606,0
54181,0
37417,0
51128,0
27517,0
54069,0
47014,0
35370,0
13222,0
22413,0
6003,0
30610,0
22408,0
39376,0
13717,0
47661,0
19258,0
2386,0
14555,0
21048,0
47653,0
40141,0
16526,0
20100,0
17556,0
15856,0
44178,0
46150,0
21888,0
41172,0
1554,0
29183,0
20754,0
4080,0
2295,0
11151,0
10284,0
54671,0
38253,0
30117,0
6106,0
16168,0
2260,0
33070,0
20165,0
18707,0
7303,0
53660,0
34797,0
41543,0
27315,0
47423,0
3641,0
22299,0
16134,0
21212,0
48815,0
49140,0
51471,0
1007,0
4682,0
3327,0
13003,0
14612,0
25376,0
36908,0
53143,0
34159,0
48159,0
36635,0
26411,0
16819,0
25406,0
14609,0
11747,0
25441,0
9886,0
42426,0
25824,0
28993,0
11483,0
48750,0
34443,0
22420,0
1314,0
21681,0
38135,0
32429,0
37534,0
30132,0
23190,0
2090,0
54441,0
22326,0
51406,0
50187,0
52693,0
46125,0
5338,0
13244,0
25199,0
14106,0
2948,0
16498,0
47611,0
29120,0
20349,0
14991,0
9490,0
29251,0
29266,0
10429,0
20556,0
16394,0
24910,0
15916,0
46404,0
41542,0
14659,0
19465,0
43689,0
33765,0
49897,0
36213,0
19942,0
43696,0
27552,0
21069,0
37974,0
39520,0
40192,0
24056,0
52224,0
17494,0
28092,0
47984,0
8875,0
14407,0
35597,0
32374,0
3466,0
16481,0
31841,0
14321,0
989,0
31823,0
20768,0
11071,0
38575,0
48111,0
51877,0
48393,0
8787,0
15043,0
27731,0
24540,0
4559,0
13567,0
10628,0
48145,0
26738,0
47748,0
12731,0
35739,0
21457,0
3612,0
5042,0
7088,0
36962,0
10382,0
21011,0
16943,0
8833,0
9139,0
28247,0
46742,0
54520,0
25304,0
14768,0
24477,0
42885,0
19928,0
54136,0
13098,0
1216,0
9579,0
14360,0
38015,0
33651,0
7512,0
45727,0
1787,0
45439,0
38571,0
48499,0
8201,0
14759,0
43271,0
37740,0
11652,0
51878,0
49030,0
15870,0
2544,0
446,0
19110,0
53678,0
27012,0
2208,0
21963,0
1232,0
7673,0
51861,0
19730,0
7315,0
5458,0
4239,0
53898,0
39079,0
40689,0
11742,0
4770,0
26098,0
28646,0
22370,0
47263,0
22075,0
6053,0
38846,0
45318,0
17314,0
51354,0
21993,0
34225,0
22773,0
38127,0
16669,0
23970,0
51755,0
13619,0
36673,0
36143,0
22038,0
17522,0
5558,0
36787,0
23471,0
34958,0
44102,0
37549,0
46297,0
15908,0
37889,0
54415,0
28446,0
16946,0
12253,0
34700,0
28817,0
38223,0
50536,0
21663,0
33776,0
36749,0
8612,0
40349,0
20098,0
34968,0
49827,0
40329,0
52923,0
19671,0
44657,0
15963,0
29598,0
40628,0
41392,0
50866,0
7264,0
37165,0
33121,0
24086,0
9282,0
5874,0
11347,0
26976,0
27697,0
7099,0
12044,0
18307,0
16087,0
26755,0
42640,0
53385,0
51584,0
38768,0
7938,0
1520,0
25141,0
50199,0
39987,0
27564,0
54230,0
43042,0
4292,0
41797,0
38554,0
23282,0
25616,0
48231,0
16911,0
7390,0
40694,0
19700,0
46458,0
788,0
21193,0
11225,0
28982,0
4102,0
22768,0
12103,0
16556,0
4175,0
42060,0
51826,0
49299,0
8533,0
49406,0
9246,0
32920,0
48039,0
35294,0
5609,0
68,0
47791,0
10479,0
25578,0
33364,0
38230,0
15488,0
9355,0
13207,0
54189,0
22751,0
1997,0
53448,0
7717,0
48214,0
43074,0
39637,0
81,0
34253,0
6580,0
36202,0
21517,0
51769,0
53964,0
3472,0
32500,0
34929,0
24305,0
30929,0
50491,0
36831,0
27944,0
47091,0
26232,0
6941,0
27983,0
18999,0
8496,0
14848,0
6409,0
575,0
7880,0
6101,0
1098,0
44726,0
7474,0
49825,0
40217,0
10202,0
31803,0
34268,0
45480,0
3561,0
22182,0
12236,0
5725,0
48810,0
18726,0
16390,0
4613,0
37700,0
51020,0
16539,0
21884,0
42909,0
7086,0
42061,0
24498,0
3798,0
30885,0
53815,0
16915,0
24025,0
1344,0
13758,0
23097,0
8907,0
8101,0
33232,0
7775,0
16046,0
33020,0
33418,0
33107,0
48680,0
25148,0
15427,0
46626,0
11353,0
12280,0
39512,0
27485,0
46254,0
47292,0
40152,0
21677,0
48644,0
36320,0
29482,0
50186,0
26937,0
9540,0
36096,0
2822,0
36600,0
35706,0
9031,0
54360,0
24966,0
24870,0
13569,0
1359,0
22435,0
46445,0
25730,0
27689,0
51214,0
50946,0
54583,0
39222,0
2153,0
31161,0
41666,0
47844,0
40151,0
22872,0
21721,0
24156,0
38324,0
17653,0
38534,0
7418,0
27026,0
52545,0
1456,0
19660,0
50391,0
16423,0
3377,0
6861,0
6450,0
16176,0
24697,0
718,0
45258,0
11361,0
37421,0
7476,0
28944,0
40878,0
45508,0
12121,0
5418,0
19301,0
2878,0
54132,0
36141,0
51302,0
13986,0
49159,0
22105,0
8059,0
33268,0
7179,0
16750,0
3839,0
36335,0
12623,0
1934,0
47348,0
23837,0
24699,0
3460,0
28392,0
36359,0
23192,0
32883,0
37955,0
11278,0
29776,0
20774,0
3952,0
18117,0
30547,0
3101,0
16616,0
54160,0
42549,0
45419,0
32551,0
29305,0
13642,0
25271,0
12081,0
11969,0
12,0
47469,0
24817,0
50650,0
54432,0
54626,0
51052,0
30870,0
37102,0
5184,0
223,0
19118,0
27215,0
16747,0
10421,0
48872,0
19544,0
910,0
3748,0
8904,0
18885,0
50900,0
871,0
6790,0
180,0
28294,0
14524,0
43808,0
9408,0
30815,0
1117,0
47121,0
46191,0
36641,0
8989,0
7940,0
51639,0
45441,0
53668,0
43559,0
20862,0
21827,0
4010,0
3108,0
45562,0
54066,0
34560,0
29597,0
53204,0
12153,0
46551,0
11963,0
53782,0
37963,0
29040,0
19305,0
35034,0
16326,0
10540,0
25919,0
49103,0
24977,0
34542,0
29015,0
10865,0
33410,0
25109,0
27561,0
35410,0
37270,0
31740,0
2953,0
11882,0
49852,0
27762,0
28871,0
19120,0
15707,0
6014,0
33997,0
18877,0
42148,0
9931,0
29839,0
47818,0
8202,0
33915,0
47424,0
42237,0
50421,0
13605,0
44282,0
54333,0
42569,0
11871,0
18574,0
17766,0
15117,0
310,0
4680,0
47375,0
27759,0
27968,0
14290,0
47141,0
4058,0
37144,0
3736,0
8960,0
24255,0
46028,0
15764,0
8218,0
19175,0
52863,0
26841,0
35005,0
19605,0
3927,0
31057,0
34213,0
16595,0
17630,0
17830,0
1648,0
37953,0
3822,0
40054,0
21604,0
50367,0
39074,0
23625,0
1881,0
24649,0
42716,0
15665,0
39487,0
8649,0
49188,0
41360,0
40796,0
24547,0
26703,0
37737,0
7568,0
24554,0
13241,0
23707,0
1362,0
38850,0
16624,0
19761,0
36675,0
30137,0
17097,0
23739,0
43867,0
44961,0
11634,0
23054,0
38347,0
36613,0
49185,0
44857,0
3376,0
36699,0
15713,0
30611,0
46134,0
6299,0
4530,0
2015,0
32499,0
27408,0
19035,0
18232,0
23829,0
13791,0
25101,0
3781,0
3180,0
49278,0
12971,0
37470,0
25892,0
32448,0
40338,0
13083,0
12966,0
35641,0
12402,0
7351,0
25312,0
44850,0
4752,0
39502,0
42286,0
1260,0
4610,0
31379,0
30893,0
51315,0
41942,0
1046,0
40679,0
39700,0
4355,0
3407,0
43663,0
13823,0
6404,0
30845,0
17225,0
24997,0
22079,0
8123,0
2767,0
34321,0
23165,0
38587,0
21469,0
49486,0
44189,0
27278,0
5064,0
10469,0
49694,0
29771,0
7260,0
2736,0
4369,0
22984,0
40711,0
17911,0
603,0
939,0
25503,0
13872,0
52598,0
32029,0
38820,0
17852,0
24234,0
29229,0
15949,0
53217,0
50661,0
54239,0
48483,0
20174,0
42037,0
23815,0
41312,0
41317,0
48242,0
31594,0
29172,0
25083,0
5746,0
25985,0
41631,0
18561,0
23615,0
18237,0
51536,0
18932,0
41534,0
25996,0
17401,0
2300,0
3915,0
7008,0
445,0
29438,0
41453,0
30445,0
25236,0
24671,0
54295,0
15090,0
3812,0
29554,0
14001,0
5293,0
14816,0
43501,0
37389,0
37723,0
14171,0
10073,0
46030,0
28436,0
8882,0
47053,0
17450,0
36392,0
20007,0
22841,0
15332,0
14964,0
12521,0
31986,0
25153,0
31834,0
27014,0
8491,0
1982,0
32873,0
16953,0
7465,0
35272,0
35760,0
41679,0
46654,0
14492,0
35238,0
31842,0
45057,0
31497,0
53570,0
16839,0
34413,0
17155,0
41100,0
23127,0
13293,0
39495,0
39971,0
50710,0
2610,0
1220,0
31788,0
29936,0
32161,0
32304,0
195,0
3291,0
124,0
31909,0
44694,0
36969,0
52383,0
7560,0
4750,0
11776,0
13162,0
29138,0
5952,0
39192,0
47922,0
34339,0
31761,0
37434,0
50286,0
53449,0
28115,0
18514,0
33696,0
17326,0
10876,0
35897,0
3105,0
32079,0
50480,0
17844,0
27314,0
39367,0
7561,0
27785,0
3439,0
18665,0
489,0
15356,0
35342,0
26413,0
43968,0
14945,0
49607,0
2753,0
3208,0
52562,0
15554,0
10441,0
12303,0
1287,0
48403,0
17639,0
43525,0
17390,0
2449,0
22839,0
2306,0
18298,0
9521,0
42620,0
31723,0
48575,0
20566,0
38180,0
20186,0
45385,0
26907,0
35855,0
28271,0
43151,0
35891,0
43830,0
32867,0
14787,0
1814,0
44814,0
22716,0
22873,0
32675,0
14736,0
43090,0
29326,0
12012,0
1286,0
15396,0
30410,0
14076,0
18549,0
17148,0
20903,0
22475,0
31013,0
42350,0
41788,0
28019,0
48714,0
19481,0
9792,0
8402,0
46788,0
49962,0
12651,0
31169,0
3096,0
19853,0
47010,0
44748,0
19666,0
54346,0
44234,0
46979,0
27570,0
33751,0
52215,0
400,0
32786,0
41288,0
32980,0
26862,0
538,0
16085,0
24837,0
31081,0
16434,0
14846,0
15936,0
45358,0
12300,0
45611,0
47581,0
38207,0
15088,0
11252,0
45475,0
44035,0
30567,0
43638,0
18863,0
32904,0
38020,0
53124,0
30956,0
15687,0
53465,0
6329,0
36835,0
17745,0
1100,0
44438,0
5862,0
26407,0
28410,0
25853,0
26331,0
32785,0
6620,0
7174,0
18582,0
8736,0
46259,0
46267,0
38920,0
25756,0
51678,0
25342,0
23290,0
7283,0
18994,0
44712,0
12373,0
9665,0
44602,0
18094,0
35444,0
3587,0
22637,0
26752,0
36906,0
31026,0
22899,0
34446,0
213,0
30356,0
46798,0
5669,0
14598,0
18006,0
26508,0
31089,0
1572,0
49695,0
45138,0
8706,0
50326,0
660,0
26527,0
18615,0
14186,0
9419,0
10747,0
16397,0
44581,0
8090,0
20896,0
13269,0
32802,0
30473,0
38774,0
20642,0
23503,0
43498,0
33183,0
36811,0
51563,0
47437,0
34774,0
17979,0
5430,0
18231,0
46674,0
53417,0
37249,0
2785,0
45187,0
41425,0
51415,0
36914,0
19047,0
29637,0
42092,0
15071,0
27594,0
24752,0
31258,0
20565,0
4335,0
34986,0
26382,0
13088,0
32706,0
17535,0
27110,0
51648,0
52965,0
3422,0
15994,0
25344,0
44894,0
53223,0
1183,0
4644,0
7125,0
54040,0
2311,0
47036,0
41369,0
17792,0
33333,0
7653,0
26370,0
29753,0
2600,0
44816,0
46415,0
17988,0
49772,0
12091,0
32153,0
50602,0
11939,0
9274,0
337,0
29025,0
37237,0
13184,0
42638,0
11549,0
34901,0
23180,0
5441,0
27498,0
43413,0
8819,0
11342,0
12902,0
28615,0
3423,0
31941,0
45679,0
51349,0
38397,0
2745,0
27050,0
15868,0
15478,0
27252,0
13671,0
40030,0
36666,0
44904,0
2659,0
6821,0
25035,0
5888,0
40504,0
34289,0
25343,0
35759,0
10897,0
21370,0
49179,0
46660,0
32832,0
49990,0
19160,0
15567,0
27974,0
34551,0
15140,0
50153,0
37267,0
13027,0
16544,0
6834,0
16805,0
49394,0
14628,0
11450,0
51672,0
19532,0
2808,0
1904,0
52715,0
7677,0
15300,0
18332,0
52294,0
9731,0
3581,0
10922,0
14263,0
4120,0
45931,0
4244,0
18949,0
54237,0
24743,0
32248,0
16830,0
35962,0
37962,0
32447,0
46037,0
22491,0
22419,0
41265,0
13971,0
18688,0
2805,0
7820,0
47203,0
6747,0
50049,0
2966,0
37483,0
26743,0
49784,0
15288,0
19348,0
49158,0
16891,0
32045,0
46118,0
16603,0
39407,0
44160,0
42859,0
29987,0
38061,0
44623,0
42417,0
16791,0
24773,0
24394,0
23827,0
8474,0
39019,0
36446,0
11795,0
42105,0
31385,0
46610,0
28122,0
12510,0
12475,0
2129,0
34181,0
2233,0
50017,0
44086,0
43987,0
39036,0
12005,0
46239,0
35864,0
31436,0
26378,0
32922,0
3786,0
42629,0
45912,0
34234,0
54694,0
45886,0
26980,0
5265,0
48142,0
51954,0
52994,0
3775,0
18940,0
3400,0
13300,0
53504,0
48300,0
24653,0
41801,0
881,0
13053,0
519,0
37261,0
31578,0
15101,0
34328,0
20140,0
42727,0
2980,0
46883,0
48346,0
13247,0
43624,0
29082,0
225,0
45343,0
23110,0
50314,0
34570,0
43269,0
48746,0
10775,0
10233,0
4099,0
34167,0
23890,0
50099,0
5326,0
52459,0
32480,0
27473,0
39382,0
26124,0
9162,0
43716,0
20071,0
10424,0
29535,0
16880,0
8747,0
35108,0
6991,0
22922,0
18216,0
6729,0
12247,0
31915,0
8669,0
50662,0
51429,0
11386,0
29037,0
45024,0
46377,0
14471,0
48418,0
19610,0
17612,0
39679,0
39008,0
2842,0
18435,0
46503,0
21583,0
28130,0
29044,0
16862,0
32199,0
52769,0
43091,0
15768,0
21792,0
30903,0
34619,0
44064,0
7704,0
15347,0
49687,0
34021,0
38912,0
9371,0
29511,0
54407,0
37342,0
924,0
37537,0
10743,0
2249,0
46908,0
30612,0
169,0
43622,0
18961,0
185,0
1196,0
16179,0
20247,0
35557,0
37027,0
15524,0
36138,0
27774,0
39137,0
43749,0
47719,0
24742,0
53622,0
35168,0
48874,0
43688,0
15561,0
37177,0
25605,0
18890,0
17959,0
11553,0
32851,0
14592,0
38863,0
15910,0
25414,0
37331,0
50812,0
14839,0
32327,0
33395,0
8308,0
22337,0
17165,0
44010,0
44051,0
30738,0
447,0
46090,0
42996,0
23674,0
37770,0
45930,0
42687,0
5207,0
14718,0
20455,0
45854,0
21654,0
2786,0
54007,0
29743,0
40735,0
45690,0
32993,0
37352,0
13357,0
1601,0
6505,0
52211,0
5868,0
53382,0
52023,0
15846,0
32601,0
40986,0
21486,0
6452,0
26306,0
53845,0
37140,0
2108,0
50631,0
53523,0
5534,0
7150,0
51993,0
9137,0
26033,0
4554,0
24223,0
35685,0
6982,0
14577,0
16113,0
8925,0
50007,0
10975,0
25714,0
33799,0
1355,0
34133,0
12237,0
39948,0
54023,0
5563,0
26972,0
47200,0
22667,0
89,0
27578,0
41742,0
1461,0
38284,0
38408,0
48973,0
35090,0
14702,0
17345,0
25336,0
2690,0
2465,0
31949,0
33350,0
21112,0
32578,0
36382,0
4362,0
22205,0
24326,0
49834,0
30752,0
38111,0
17968,0
3602,0
28142,0
51127,0
22635,0
49370,0
26559,0
30284,0
29401,0
25939,0
35472,0
27995,0
41379,0
32474,0
33498,0
45350,0
36459,0
13770,0
33909,0
44458,0
42565,0
44149,0
22291,0
9704,0
18639,0
16226,0
32845,0
41285,0
699,0
36764,0
53654,0
16346,0
8836,0
10797,0
38209,0
16989,0
38056,0
23684,0
47862,0
49971,0
44673,0
54302,0
6112,0
16117,0
10057,0
17742,0
36623,0
20006,0
53179,0
1307,0
1919,0
45777,0
5488,0
33086,0
16428,0
36596,0
37980,0
46225,0
12386,0
15089,0
33650,0
42901,0
45134,0
10347,0
3187,0
35289,0
34308,0
20255,0
1612,0
30606,0
21401,0
32084,0
41014,0
51164,0
14093,0
41134,0
46284,0
35211,0
11669,0
30098,0
30813,0
35562,0
17912,0
23300,0
34142,0
25231,0
16323,0
26115,0
3367,0
38718,0
5999,0
22347,0
27441,0
8641,0
5100,0
25238,0
7626,0
48157,0
53314,0
32916,0
48761,0
8140,0
46429,0
8734,0
10102,0
38029,0
32377,0
41467,0
27253,0
8567,0
32268,0
45959,0
52898,0
32841,0
54607,0
35380,0
24260,0
23910,0
12439,0
10402,0
3885,0
40403,0
28802,0
46962,0
8194,0
19390,0
49557,0
37044,0
48547,0
4968,0
48753,0
9095,0
47135,0
39028,0
46542,0
21020,0
21702,0
35824,0
1558,0
44115,0
48154,0
40426,0
38484,0
1610,0
48974,0
10665,0
19196,0
23575,0
16229,0
11938,0
42400,0
7475,0
41292,0
49418,0
37608,0
53704,0
51081,0
47332,0
34050,0
26812,0
41590,0
37529,0
6846,0
42662,0
24668,0
20799,0
13728,0
33009,0
5972,0
13822,0
19308,0
3892,0
19416,0
16451,0
41243,0
7951,0
17592,0
7577,0
39296,0
7632,0
47688,0
16086,0
50131,0
30728,0
104,0
14593,0
6422,0
41637,0
51955,0
20578,0
48979,0
48607,0
47248,0
35503,0
42301,0
37228,0
39473,0
11005,0
44422,0
47754,0
52327,0
30393,0
14572,0
46065,0
15999,0
18384,0
595,0
10091,0
31978,0
10058,0
5378,0
3929,0
54127,0
1091,0
51924,0
34348,0
19486,0
15132,0
17107,0
18398,0
18379,0
14103,0
6185,0
33869,0
43645,0
29212,0
54450,0
45463,0
31734,0
38642,0
42085,0
44148,0
39577,0
31321,0
30444,0
961,0
12908,0
37107,0
48539,0
25592,0
3033,0
38342,0
40060,0
13507,0
21600,0
30201,0
3379,0
8399,0
29442,0
44078,0
7265,0
33323,0
40090,0
1759,0
14468,0
53070,0
30536,0
9941,0
14315,0
53029,0
43741,0
7707,0
13103,0
28167,0
983,0
14931,0
43106,0
7924,0
32992,0
41417,0
36108,0
54091,0
13613,0
4549,0
27117,0
46843,0
40791,0
39101,0
25113,0
8285,0
46746,0
51480,0
16297,0
267,0
12432,0
18220,0
5547,0
45738,0
20935,0
41310,0
38218,0
11434,0
17500,0
46326,0
25206,0
38063,0
48197,0
39388,0
24904,0
11574,0
12852,0
26945,0
49042,0
37547,0
23332,0
45400,0
7990,0
48006,0
22399,0
33446,0
322,0
20695,0
11583,0
37996,0
15754,0
16816,0
21455,0
42385,0
50217,0
4236,0
14136,0
3364,0
19270,0
18350,0
29088,0
35058,0
6120,0
26435,0
39108,0
21801,0
25383,0
48976,0
23750,0
11636,0
3624,0
27425,0
11644,0
8619,0
15523,0
10005,0
10101,0
29781,0
6486,0
32834,0
52831,0
4183,0
32259,0
20714,0
15671,0
49060,0
18424,0
29012,0
716,0
24707,0
14501,0
10269,0
804,0
2782,0
51568,0
632,0
47378,0
53760,0
15826,0
39697,0
11447,0
21257,0
11531,0
32876,0
7112,0
40589,0
20274,0
16994,0
1818,0
17867,0
50103,0
30726,0
21360,0
4531,0
33444,0
34041,0
39274,0
26958,0
29508,0
7760,0
26497,0
28725,0
34756,0
28884,0
9034,0
49128,0
36339,0
40556,0
11744,0
16546,0
41170,0
54274,0
40368,0
5770,0
46401,0
33624,0
25036,0
2784,0
3294,0
24876,0
20933,0
6899,0
53870,0
43406,0
11748,0
8537,0
15738,0
28501,0
38572,0
38932,0
31520,0
13310,0
52360,0
15545,0
44568,0
3348,0
24048,0
28810,0
12596,0
474,0
0,0
20605,0
22165,0
27588,0
29962,0
5834,0
4344,0
27133,0
1403,0
29538,0
41732,0
27343,0
12517,0
18050,0
48749,0
46175,0
2313,0
12946,0
36798,0
1949,0
37885,0
28803,0
29111,0
44696,0
37397,0
33276,0
1635,0
3410,0
30452,0
36019,0
31409,0
32505,0
44543,0
37624,0
53337,0
42545,0
18265,0
33264,0
17198,0
24457,0
54554,0
37386,0
18134,0
49025,0
51696,0
54140,0
32146,0
1363,0
34184,0
21206,0
15221,0
8658,0
8124,0
30510,0
11354,0
54178,0
33040,0
12683,0
10959,0
51896,0
8521,0
49635,0
25313,0
25155,0
34038,0
47039,0
15152,0
54285,0
29315,0
16802,0
28908,0
18383,0
13936,0
46535,0
42992,0
636,0
30404,0
31342,0
23271,0
24597,0
15871,0
48398,0
44401,0
51522,0
37268,0
34675,0
34734,0
13477,0
50525,0
584,0
44490,0
11899,0
42956,0
24879,0
3496,0
23866,0
11086,0
32516,0
7480,0
38136,0
139,0
20497,0
10715,0
7049,0
50728,0
19667,0
22074,0
597,0
29693,0
38514,0
21809,0
47458,0
8731,0
28565,0
48670,0
43604,0
5261,0
3806,0
18172,0
26624,0
7580,0
38138,0
23927,0
44265,0
1168,0
31260,0
7947,0
43343,0
27626,0
54106,0
47692,0
26290,0
10893,0
53240,0
27418,0
52138,0
33184,0
14738,0
52603,0
19640,0
38295,0
482,0
15051,0
10065,0
6393,0
36180,0
27059,0
15629,0
49244,0
53152,0
37641,0
19083,0
19410,0
13412,0
20381,0
15116,0
4631,0
26093,0
27708,0
7753,0
5944,0
13708,0
12082,0
42144,0
30003,0
4810,0
20213,0
10048,0
53690,0
427,0
38467,0
29786,0
3347,0
20294,0
37084,0
20911,0
20989,0
6914,0
8458,0
38573,0
48338,0
33122,0
2580,0
35396,0
12067,0
4779,0
31029,0
41889,0
53224,0
40306,0
30729,0
28354,0
35593,0
3018,0
29041,0
2904,0
43757,0
54001,0
15423,0
48852,0
3883,0
45446,0
38194,0
52018,0
39904,0
14117,0
7585,0
38130,0
13950,0
6436,0
39372,0
42382,0
8228,0
52665,0
37864,0
46257,0
19315,0
31486,0
15340,0
48248,0
16618,0
33214,0
15339,0
44297,0
39504,0
39144,0
37384,0
45019,0
6411,0
53236,0
35189,0
11267,0
21697,0
54158,0
5757,0
28952,0
8019,0
13990,0
10294,0
944,0
10001,0
36858,0
42702,0
48757,0
34819,0
45448,0
29051,0
45237,0
37656,0
42331,0
45459,0
10822,0
3111,0
24583,0
50159,0
26481,0
1962,0
3474,0
32381,0
30792,0
8260,0
29657,0
25443,0
54050,0
38692,0
53588,0
31755,0
23303,0
39770,0
20283,0
7768,0
1435,0
27197,0
43261,0
50251,0
13368,0
33660,0
9835,0
12560,0
17360,0
36078,0
30878,0
15907,0
40319,0
8334,0
17721,0
2131,0
3121,0
10833,0
22423,0
53869,0
16032,0
368,0
54437,0
37100,0
9934,0
27098,0
49031,0
9334,0
8930,0
28519,0
624,0
24784,0
44299,0
39645,0
1206,0
24825,0
47639,0
45928,0
15492,0
2152,0
53192,0
7706,0
9952,0
24423,0
496,0
6746,0
27553,0
41299,0
46974,0
44830,0
40753,0
38277,0
22150,0
47744,0
52963,0
33434,0
31042,0
21509,0
54705,0
5074,0
8361,0
45254,0
26212,0
49053,0
44751,0
33383,0
27674,0
42040,0
41300,0
42201,0
13109,0
10181,0
18627,0
46149,0
50239,0
49251,0
52222,0
28345,0
23075,0
23195,0
11892,0
41278,0
46543,0
53628,0
51371,0
27843,0
45732,0
35939,0
30928,0
40782,0
41405,0
48100,0
10794,0
40787,0
11816,0
37951,0
49349,0
24196,0
53860,0
28956,0
37205,0
52259,0
343,0
26737,0
14491,0
6319,0
29961,0
34911,0
10092,0
27688,0
30173,0
20262,0
5662,0
42838,0
54272,0
8622,0
43286,0
3911,0
4547,0
10662,0
47495,0
46973,0
50307,0
35149,0
54739,0
22461,0
9937,0
49865,0
5477,0
21476,0
42003,0
39595,0
16421,0
29942,0
26195,0
39467,0
50886,0
21676,0
27335,0
32611,0
2029,0
52301,0
10988,0
20720,0
12483,0
51653,0
53699,0
36190,0
35509,0
38494,0
47934,0
21210,0
12328,0
26775,0
21115,0
18283,0
34205,0
36014,0
5255,0
42362,0
19579,0
6256,0
38985,0
10134,0
12972,0
3044,0
10660,0
425,0
15539,0
28030,0
36002,0
16441,0
10316,0
45673,0
12411,0
28867,0
16440,0
31541,0
21712,0
40453,0
51392,0
9627,0
7530,0
24888,0
32375,0
45245,0
946,0
43901,0
31170,0
25356,0
43648,0
53957,0
9252,0
49318,0
7932,0
45650,0
31843,0
50831,0
7835,0
45847,0
43439,0
10376,0
3790,0
38363,0
30838,0
17399,0
9583,0
14455,0
37779,0
40157,0
44292,0
12878,0
11437,0
10587,0
41887,0
11321,0
10916,0
12589,0
33734,0
10713,0
48774,0
21876,0
1729,0
35694,0
48108,0
23381,0
28233,0
29429,0
5274,0
45866,0
26126,0
41297,0
33605,0
7450,0
45555,0
50796,0
20090,0
13356,0
5702,0
10535,0
29613,0
4386,0
5423,0
35496,0
5522,0
13068,0
11518,0
30027,0
13981,0
47064,0
17128,0
49884,0
26917,0
33294,0
20122,0
7483,0
1205,0
19384,0
8092,0
45266,0
8032,0
6303,0
479,0
15451,0
42943,0
48659,0
38364,0
6461,0
47520,0
35404,0
30643,0
45922,0
13048,0
5399,0
7614,0
23690,0
32898,0
50758,0
26863,0
6947,0
8358,0
42388,0
21939,0
21575,0
27567,0
33216,0
1439,0
3944,0
12550,0
44799,0
39402,0
24426,0
39304,0
15253,0
12666,0
38401,0
17092,0
48914,0
41869,0
38077,0
38979,0
6603,0
49455,0
11258,0
37287,0
13288,0
18741,0
24768,0
25519,0
17957,0
14189,0
33707,0
53894,0
7485,0
38532,0
33729,0
33213,0
17391,0
49859,0
15175,0
11385,0
32092,0
53838,0
42079,0
44700,0
13127,0
20500,0
12611,0
24906,0
52303,0
11721,0
33537,0
12239,0
1484,0
17202,0
50945,0
10,0
9048,0
46632,0
1870,0
36830,0
49164,0
40298,0
4496,0
44057,0
36644,0
41843,0
27624,0
27460,0
33738,0
17685,0
35738,0
35992,0
51130,0
4094,0
47811,0
9316,0
38812,0
51027,0
16717,0
30040,0
30328,0
14048,0
32433,0
28738,0
4544,0
27054,0
20190,0
39626,0
36820,0
44672,0
9523,0
27519,0
18135,0
13240,0
29471,0
47107,0
52314,0
34920,0
17311,0
47562,0
40483,0
46436,0
29800,0
45709,0
26137,0
44087,0
19350,0
9148,0
15614,0
29017,0
4916,0
3848,0
8808,0
7001,0
48112,0
29101,0
19328,0
25951,0
37239,0
51476,0
39672,0
24525,0
31040,0
28206,0
43854,0
11105,0
697,0
16446,0
5506,0
26091,0
52604,0
41098,0
15998,0
53227,0
1864,0
28594,0
14439,0
41602,0
812,0
4483,0
39131,0
18828,0
4745,0
41985,0
38975,0
10239,0
35210,0
27346,0
840,0
4563,0
31653,0
42299,0
3913,0
5434,0
23729,0
665,0
40945,0
18541,0
32549,0
11547,0
10324,0
33805,0
49358,0
49247,0
37511,0
249,0
38448,0
7553,0
11589,0
49184,0
28148,0
51135,0
45238,0
50145,0
33060,0
50544,0
25899,0
19680,0
13812,0
23642,0
43487,0
13461,0
20037,0
33715,0
20244,0
7801,0
53264,0
53281,0
21369,0
18279,0
28660,0
25483,0
33163,0
7798,0
1158,0
42178,0
51072,0
7763,0
18197,0
7668,0
52905,0
9262,0
30692,0
26169,0
15286,0
22884,0
21064,0
50593,0
38897,0
42617,0
22719,0
54536,0
11611,0
44174,0
11848,0
7440,0
1564,0
16543,0
14872,0
8318,0
15049,0
8328,0
8042,0
27719,0
17331,0
12420,0
41673,0
34166,0
10064,0
29671,0
36071,0
40520,0
14673,0
34451,0
38741,0
5318,0
53148,0
19393,0
48031,0
47316,0
24980,0
20535,0
10481,0
13315,0
765,0
30113,0
49276,0
39351,0
34474,0
42782,0
31292,0
5290,0
39352,0
19607,0
52812,0
31479,0
11109,0
6040,0
42414,0
38259,0
31871,0
28586,0
38645,0
37194,0
7478,0
11851,0
36918,0
22807,0
34915,0
49536,0
43961,0
42984,0
6200,0
39674,0
6619,0
16737,0
40380,0
7732,0
10379,0
14871,0
51065,0
21417,0
33615,0
12456,0
34988,0
24150,0
28609,0
21515,0
1676,0
24805,0
5152,0
19936,0
46246,0
8608,0
2211,0
22913,0
34824,0
21222,0
1887,0
24854,0
19710,0
19235,0
36179,0
24530,0
14411,0
18291,0
18972,0
37124,0
41127,0
27527,0
38288,0
2462,0
25179,0
9831,0
26717,0
45119,0
30710,0
2921,0
24925,0
41053,0
52274,0
14580,0
36119,0
6578,0
6427,0
52452,0
52353,0
54038,0
23114,0
29818,0
29894,0
38625,0
43483,0
44631,0
37138,0
9116,0
17490,0
45197,0
10341,0
52537,0
6194,0
25319,0
42277,0
12829,0
49697,0
33655,0
10219,0
1320,0
48863,0
31230,0
32520,0
21292,0
10442,0
37321,0
23443,0
39345,0
52265,0
7578,0
49405,0
12120,0
17705,0
27106,0
8374,0
18260,0
31306,0
28604,0
29897,0
31521,0
15726,0
9097,0
53376,0
33111,0
48512,0
52289,0
50841,0
51203,0
3047,0
21178,0
13484,0
4381,0
32355,0
42922,0
14101,0
41306,0
32130,0
52636,0
31908,0
31211,0
3471,0
18548,0
43385,0
5539,0
51011,0
21425,0
30826,0
34613,0
45915,0
4202,0
53280,0
51588,0
14266,0
1908,0
10129,0
7022,0
22101,0
53862,0
24373,0
49783,0
41408,0
48043,0
30954,0
12875,0
54014,0
10504,0
33631,0
54179,0
15587,0
27492,0
27334,0
36495,0
41559,0
14357,0
12257,0
29842,0
53391,0
46890,0
15181,0
47697,0
18100,0
6333,0
5228,0
25338,0
11964,0
22116,0
16056,0
19381,0
22392,0
11180,0
26971,0
25011,0
50262,0
31604,0
13324,0
4064,0
9442,0
21181,0
17691,0
46490,0
48554,0
18032,0
2631,0
4950,0
52384,0
39827,0
54172,0
45855,0
20669,0
15529,0
565,0
24028,0
12191,0
48879,0
22364,0
10524,0
45413,0
41627,0
20761,0
41434,0
38132,0
14583,0
18423,0
47878,0
9319,0
9971,0
38141,0
49110,0
21519,0
1875,0
3509,0
20259,0
43839,0
35286,0
4377,0
52971,0
15928,0
37217,0
42185,0
28044,0
7670,0
15788,0
18179,0
31382,0
35582,0
34721,0
44101,0
12896,0
28371,0
6631,0
7142,0
6606,0
42329,0
40948,0
43520,0
4648,0
39254,0
38440,0
49087,0
41576,0
43612,0
34684,0
29237,0
54010,0
2403,0
47894,0
16007,0
39141,0
12476,0
45754,0
30260,0
23464,0
40222,0
26974,0
38681,0
39898,0
52240,0
40158,0
49957,0
45363,0
50659,0
44540,0
19224,0
8349,0
19791,0
25370,0
20517,0
22393,0
658,0
8031,0
48426,0
20683,0
14201,0
2852,0
1952,0
29380,0
23592,0
40785,0
34498,0
14130,0
32735,0
25514,0
43668,0
32966,0
21589,0
34158,0
50969,0
44511,0
27344,0
34270,0
21766,0
22871,0
33779,0
25224,0
41873,0
49541,0
42191,0
41879,0
7158,0
41594,0
25535,0
37034,0
12393,0
4857,0
34231,0
38814,0
51576,0
12502,0
39536,0
25415,0
12083,0
4380,0
11281,0
6513,0
28498,0
24863,0
37063,0
5035,0
4262,0
34378,0
35728,0
20981,0
15307,0
35226,0
36848,0
36061,0
22890,0
47218,0
36916,0
44548,0
16384,0
50317,0
21696,0
46907,0
32393,0
46578,0
17433,0
24616,0
35337,0
25264,0
11255,0
54348,0
25091,0
10624,0
23945,0
27644,0
42485,0
38686,0
41327,0
37525,0
30172,0
10234,0
29127,0
17561,0
50800,0
44964,0
3814,0
27230,0
4837,0
14239,0
12324,0
38898,0
53203,0
3962,0
9997,0
30557,0
1413,0
9530,0
22355,0
10958,0
402,0
24869,0
29969,0
15026,0
4801,0
18130,0
33113,0
43759,0
20940,0
11303,0
42428,0
30475,0
52846,0
7987,0
19297,0
13496,0
33983,0
16391,0
53163,0
53399,0
37600,0
30434,0
46102,0
48915,0
27917,0
38703,0
2228,0
21311,0
25936,0
30203,0
48054,0
54419,0
49066,0
11020,0
24225,0
54547,0
5208,0
40200,0
35680,0
35047,0
16342,0
13329,0
14438,0
30133,0
22252,0
49595,0
27627,0
48735,0
57,0
316,0
38853,0
32441,0
9133,0
19022,0
16878,0
47574,0
23128,0
42209,0
43158,0
50268,0
35704,0
30613,0
16351,0
14799,0
35361,0
13880,0
33675,0
21421,0
627,0
22749,0
50022,0
40718,0
37909,0
22538,0
17712,0
34608,0
17270,0
27734,0
15819,0
48003,0
53519,0
11265,0
49657,0
21102,0
26648,0
54804,0
52859,0
39857,0
50973,0
2373,0
28224,0
221,0
34621,0
20795,0
23088,0
24445,0
24762,0
12976,0
